"id","userId","searchDate","cameraCount","reason"
"cbd75729-41cb-4ef9-9292-2aaacb16bef3","fb7d1ae3-db8c-4617-861d-2cf9a117f605","2025-05-30 16:22:04.509","620","uuv"
"72a96e8c-bbe8-42c0-b316-3ba5f7b5196f","cef2b19d-858f-4d6a-97fd-946f0a9e2a7c","2025-06-03 23:35:57.604","0","Investigation"
"10630560-d694-4892-8a2b-bc4cc6ee22dc","fb7d1ae3-db8c-4617-861d-2cf9a117f605","2025-06-03 22:32:58.187","620","loc wanted subj"
"cf512d42-ea6f-4c63-84d4-4a19ad810030","cef2b19d-858f-4d6a-97fd-946f0a9e2a7c","2025-06-03 21:59:09.059","0","Investigation"
"981129cc-901f-4825-8150-63679df2ca82","fb7d1ae3-db8c-4617-861d-2cf9a117f605","2025-06-03 21:00:40.298","620","fucc"
"7529022c-98f7-4b2e-a45f-537576e53cb8","fb7d1ae3-db8c-4617-861d-2cf9a117f605","2025-06-03 20:55:49.859","620","fucc"
"7a3e9e6e-1917-421b-9b73-165d0a05bf24","fb7d1ae3-db8c-4617-861d-2cf9a117f605","2025-06-03 19:38:17.557","620","fucc"
"2b50057e-fc9f-4515-8eab-0235344e3864","fb7d1ae3-db8c-4617-861d-2cf9a117f605","2025-06-02 23:47:27.221","128","theft"
"336b77ea-8c55-41e4-ae7b-d295e76d873b","c2373a46-4390-4b71-99fc-086b9cbef937","2025-06-02 17:13:46.701","633","Investigation"
"e0e73582-1e44-4f9f-9602-e12b3ec11da7","fb7d1ae3-db8c-4617-861d-2cf9a117f605","2025-06-02 16:16:27.993","620","uuv"
"9c54b820-26e2-492a-a686-32da685f9827","fb7d1ae3-db8c-4617-861d-2cf9a117f605","2025-06-02 15:58:08.429","620","uuv"
"07a8d092-9f77-45ad-b4bd-35379ed9dc57","fb7d1ae3-db8c-4617-861d-2cf9a117f605","2025-06-01 22:05:44.492","620","Test"
"9a7277ac-f524-43b8-9c8a-ac07c2bd36ec","fb7d1ae3-db8c-4617-861d-2cf9a117f605","2025-05-30 21:46:08.791","620","FUCC"
"96f033a8-7d2d-4f49-b586-1e4e19d9655e","fb7d1ae3-db8c-4617-861d-2cf9a117f605","2025-05-30 17:25:45.839","620","icac"
"9e7f5c8a-ba4b-44bc-9b46-889795d8ff52","c2373a46-4390-4b71-99fc-086b9cbef937","2025-06-04 23:35:16.310","689","investigation"
"7a954e93-a3ae-4a0c-b70f-f46bf22682e1","98a65d8a-c993-4067-b67d-123814b4c2df","2025-06-04 23:48:36.649","0","Investigation"
"118b7cad-1166-451c-a447-f71c8dcd4070","fb7d1ae3-db8c-4617-861d-2cf9a117f605","2025-06-05 17:11:05.967","626","fucc"
"4cd0cc17-b623-495e-897c-2c8ddb3c4d69","fb7d1ae3-db8c-4617-861d-2cf9a117f605","2025-06-05 19:05:52.777","626","sex abuse"
"6671cc46-888a-4d15-97a1-b2cd3232e0c0","fb7d1ae3-db8c-4617-861d-2cf9a117f605","2025-06-05 20:16:59.954","626","sex abuse"
"affc72ee-f1ab-434f-8b5d-86fde3304b16","fb7d1ae3-db8c-4617-861d-2cf9a117f605","2025-06-05 21:10:20.727","626","dept of treas"
"cb6defde-0d9a-4570-95a6-c40a1e5b02ff","fb7d1ae3-db8c-4617-861d-2cf9a117f605","2025-06-05 23:00:29.876","626","burg"
"540f8adc-fd6a-47af-8223-2b0dfb9baea3","fb7d1ae3-db8c-4617-861d-2cf9a117f605","2025-06-06 15:25:04.949","626","burg"
"a1464b11-f609-4764-8a07-849e3d9b746a","fb7d1ae3-db8c-4617-861d-2cf9a117f605","2025-06-06 15:31:21.743","626","uuv"
"406430ab-2ab0-4a4a-bc9a-eae273b685f0","fb7d1ae3-db8c-4617-861d-2cf9a117f605","2025-06-06 16:17:59.024","3874","burg"
"67a0cb4a-3b46-49fc-a786-e8419b59ca06","fb7d1ae3-db8c-4617-861d-2cf9a117f605","2025-06-06 16:18:56.277","3874","uuv"
"9d3d0d72-0735-4dfd-bf60-0122c3069508","fb7d1ae3-db8c-4617-861d-2cf9a117f605","2025-06-06 16:53:54.434","3874","Uuv"
"73369a65-3a9b-4aef-a3f8-3c27c9756b09","fb7d1ae3-db8c-4617-861d-2cf9a117f605","2025-06-06 18:27:22.054","3874","fucc"
"9f5b5e1d-b3f9-41ea-98c4-c7046804b35d","fb7d1ae3-db8c-4617-861d-2cf9a117f605","2025-06-09 04:36:23.940","3876","Fucc"
"c022324e-7d53-4ae7-aa51-691519b3a448","fb7d1ae3-db8c-4617-861d-2cf9a117f605","2025-06-09 15:51:57.223","84379","sex abuse"
"bf385820-9b5c-4763-8441-eee1421f459f","fb7d1ae3-db8c-4617-861d-2cf9a117f605","2025-06-09 17:59:26.560","166","reckless driving"
"8da47357-87c1-4428-805f-a8c87b2cb3a4","fb7d1ae3-db8c-4617-861d-2cf9a117f605","2025-06-09 18:01:32.465","3878","reckless driving"
"8fae266b-5014-430e-b284-62668eb9a939","fb7d1ae3-db8c-4617-861d-2cf9a117f605","2025-06-09 22:49:43.967","3878","stolen plate"
"77769c6c-5ecc-4bd1-b21e-d2f1d672094e","fb7d1ae3-db8c-4617-861d-2cf9a117f605","2025-06-09 23:51:30.338","3878","sex abuse"
"58cb97dd-49b6-4d84-a85a-9992298b187a","c2373a46-4390-4b71-99fc-086b9cbef937","2025-06-10 21:38:02.753","3962","Investigation"
"52dd0f5f-5f6c-441d-8893-eeefbd1bd621","98a65d8a-c993-4067-b67d-123814b4c2df","2025-06-11 08:17:39.408","0","stolen"
"6a5665d9-8020-4167-995e-1a69acaacfb9","c2373a46-4390-4b71-99fc-086b9cbef937","2025-06-11 17:02:23.785","3962","Investigation"
"a7b51659-c3c7-4683-8e30-8b5350f3a4dc","fb7d1ae3-db8c-4617-861d-2cf9a117f605","2025-06-11 19:44:53.799","3880","stabbing"
"648899ff-723c-43b1-a462-411843a0a183","fb7d1ae3-db8c-4617-861d-2cf9a117f605","2025-06-11 20:08:41.379","3880","stabbing"
"ea295634-29e0-41ef-ac9f-7bf440c91541","fbfa025f-202c-4c60-ae95-9396fc290dd5","2025-06-11 23:45:58.493","3880","rape"
"2506875d-54bc-41c4-99cd-b5085c681f9e","fbfa025f-202c-4c60-ae95-9396fc290dd5","2025-06-11 23:48:24.470","3880","test"
"7f7f6479-3a81-4899-99bc-87c0323b6c57","fb7d1ae3-db8c-4617-861d-2cf9a117f605","2025-06-16 14:32:15.518","3882","uuv"
"fdf68e18-cae0-4f6c-a579-ecbcc7789309","fb7d1ae3-db8c-4617-861d-2cf9a117f605","2025-06-16 15:39:57.259","151","theft"
"11e172b2-bbe8-4afa-ba3d-f836ab1fb220","fb7d1ae3-db8c-4617-861d-2cf9a117f605","2025-06-16 17:40:44.496","3882","uuv"
"9fca1c7c-ca0a-4409-baf9-b5c1e412f7ad","fb7d1ae3-db8c-4617-861d-2cf9a117f605","2025-06-17 15:43:47.992","3871","uuv"
"176ed0cc-5893-46d5-9a78-b4b37a1a95bf","fb7d1ae3-db8c-4617-861d-2cf9a117f605","2025-06-17 16:16:06.693","3871","officer safety"
"a96b2e8c-113b-4164-a686-61b6948fa54a","5099fed4-b7f7-40de-b64e-73b9aa096b84","2025-06-17 16:23:36.699","3871","officer safety"
"fdb8f71d-c2ea-4d00-9bd6-8fd3230a5761","5099fed4-b7f7-40de-b64e-73b9aa096b84","2025-06-17 17:17:24.790","3871","officer safety"
"70d554fb-e00b-4a2d-82cd-3a2dc69d2fd7","d6f7ed99-b681-4ed0-b468-5b0c109603c9","2025-06-17 18:13:42.745","30","ofcr saf"
"2e4e7de7-ec81-456a-bcc1-fe32ccb62025","d6f7ed99-b681-4ed0-b468-5b0c109603c9","2025-06-17 18:14:12.215","3871","ofcr safety"
"433047f1-59b6-4030-9432-96a4931833c2","5099fed4-b7f7-40de-b64e-73b9aa096b84","2025-06-18 14:18:36.330","3873","stolen car"
"af512dfb-969d-463f-bb68-4a930b92ec3c","5099fed4-b7f7-40de-b64e-73b9aa096b84","2025-06-18 15:26:43.073","3873","stolen car"
"8ea4019c-fdaf-43fe-afd9-d1f1da5ddbe4","fb7d1ae3-db8c-4617-861d-2cf9a117f605","2025-06-18 16:27:58.007","85080","sex abuse"
"e38f543a-41da-442e-8ddf-74a1ab885f9c","5099fed4-b7f7-40de-b64e-73b9aa096b84","2025-06-18 17:10:46.838","3873","stolen car"
"72c12484-ae1e-4624-85c0-588d317d4890","44e5ae6a-0939-4121-ae65-ff231ab15309","2025-06-18 18:31:55.532","0","UUV"
"8a313094-05b2-4a48-a577-b127fb96f5e9","44e5ae6a-0939-4121-ae65-ff231ab15309","2025-06-18 18:34:38.690","3873","uuv"
"cd359d18-5784-431c-b0e3-336479bbb9cd","44e5ae6a-0939-4121-ae65-ff231ab15309","2025-06-18 18:48:08.222","3873","Daytime search for best result"
"d767b8cd-ae94-43f5-a9bf-a1890f25184e","0759d13b-53e7-44e9-bc65-53346efac45c","2025-06-18 19:35:56.988","3875","uuv"
"87b3efb4-08f5-411b-95d7-51822b9673b8","0759d13b-53e7-44e9-bc65-53346efac45c","2025-06-18 19:39:47.276","3875","Daytime search for best result"
"95587639-af0e-441b-a6ca-c36bfe239440","5099fed4-b7f7-40de-b64e-73b9aa096b84","2025-06-18 19:56:40.669","3875","stolen car"
"aa8339b9-c6ff-447b-91c2-ec6e593b76a0","44e5ae6a-0939-4121-ae65-ff231ab15309","2025-06-18 20:33:50.748","3877","UUV"
"d29e7914-f37a-46b0-b925-7bad720403f1","5099fed4-b7f7-40de-b64e-73b9aa096b84","2025-06-18 20:51:35.183","3877","stolen car"
"73358473-6d42-4c6e-9781-36befb8c01a4","5099fed4-b7f7-40de-b64e-73b9aa096b84","2025-06-18 22:07:12.018","3878","stolen car"
"11d1f55b-b929-4a93-8321-d00811c689ab","fb7d1ae3-db8c-4617-861d-2cf9a117f605","2025-06-18 22:22:06.960","3878","Uuv"
"1ad46919-c2b8-4758-9e9a-55c496f59df2","865aaa25-37fd-44f2-8f3d-19f07c199275","2025-06-19 15:53:04.399","3880","stolen vehicle"
"42a67fa4-ae87-45d3-a1e6-045c663aaa0d","865aaa25-37fd-44f2-8f3d-19f07c199275","2025-06-19 17:13:14.384","3884","stolen vehicle"
"ac71bbe8-72be-4831-9278-69c99e5b92c4","865aaa25-37fd-44f2-8f3d-19f07c199275","2025-06-19 20:05:33.393","0","stolen vehicle"
"b0e49021-e782-44e1-bf76-12812476e834","01b52c2e-4688-4795-99d0-73acf2527701","2025-06-20 20:54:53.960","0","25154601"
"d744072b-1bff-46eb-ad01-29c27abf07f8","01b52c2e-4688-4795-99d0-73acf2527701","2025-06-20 20:56:47.818","0","25151671"
"8d6cc21e-0e5d-46de-9ac7-e4dc7bc496f9","01b52c2e-4688-4795-99d0-73acf2527701","2025-06-20 20:57:00.294","0","safe info"
"8e3d3176-6f80-48b1-8fcb-62b7e5c7bba3","01b52c2e-4688-4795-99d0-73acf2527701","2025-06-20 20:57:57.372","0","atl"
"4066052f-fe96-4bcb-aee4-2b3ae873610c","5099fed4-b7f7-40de-b64e-73b9aa096b84","2025-06-22 17:22:48.352","3900","missing person"
"2a13d9cc-c351-4039-82c6-8c3050ac81a8","fb7d1ae3-db8c-4617-861d-2cf9a117f605","2025-06-25 01:47:56.586","3881","Atm theft"
"b1cb0e1a-04b3-435a-a4da-2c62de8f62cf","fb7d1ae3-db8c-4617-861d-2cf9a117f605","2025-06-27 15:21:35.262","3893","fucc"
"dc3e3cbf-61d8-4ee0-8092-3ceb03581a38","fb7d1ae3-db8c-4617-861d-2cf9a117f605","2025-06-27 23:35:16.798","116","fucc"
"21982ef7-d6ee-4c85-9063-9d53c1dec20c","ab73a004-3694-4797-b288-e59569aa831e","2025-06-29 05:30:10.575","87296","Stolen vehicle"
"7f44f9f1-42c5-4077-923d-5292ede3ff13","01b52c2e-4688-4795-99d0-73acf2527701","2025-06-29 19:07:22.513","0","uuv"
"5fd14f91-53d6-406e-aa7a-215bf5e42a27","01b52c2e-4688-4795-99d0-73acf2527701","2025-06-29 19:07:55.564","0","stolen vehicle"
"86c799fa-e113-4992-bbad-ab358d3e1a0a","865aaa25-37fd-44f2-8f3d-19f07c199275","2025-06-29 19:10:25.102","0","stolen vehicle"
"b0dde9a7-ddcc-4817-a320-683f367e04bb","865aaa25-37fd-44f2-8f3d-19f07c199275","2025-06-29 19:14:55.364","3894","stolen veh"
"0d68a95c-be72-4311-9c36-c1aef595319e","01b52c2e-4688-4795-99d0-73acf2527701","2025-06-29 19:35:16.624","3894","uuv 2504317"
"dcca9911-aa29-4880-a7db-6f0844e362e7","01b52c2e-4688-4795-99d0-73acf2527701","2025-06-29 19:38:03.566","3894","flock test usage"
"20c0c4be-d012-4880-912c-f2dd5a25e0aa","fb7d1ae3-db8c-4617-861d-2cf9a117f605","2025-06-29 22:00:24.566","3894","Uuv"
"50a7412e-80b0-4cbf-a1cd-fce8b76edf5c","60e012f5-7340-49d4-aa4e-6a68be107dcf","2025-06-30 12:12:36.229","3894","2504317"
"9aeb10e7-d598-434c-9dc4-9b1f07b022e7","60e012f5-7340-49d4-aa4e-6a68be107dcf","2025-06-30 12:13:04.468","3894","officer safety"
"fc7d8a7e-da8f-4ea1-8d44-5acbdc1a7972","60e012f5-7340-49d4-aa4e-6a68be107dcf","2025-07-01 07:15:29.966","3899","flock test"
"df4a5d2e-b952-4408-9bf9-caf63a865f9d","bd053b0f-af8c-4cf8-9cd5-f906b5bceffd","2025-07-01 07:19:44.580","3899","FLOCK TEST"
"ea15d7b4-3ec0-4d3d-b361-e44c5c784f22","fb7d1ae3-db8c-4617-861d-2cf9a117f605","2025-07-02 15:44:01.772","118","fucc"
"460543ea-4cf9-425e-9e90-55f182e28eeb","fb7d1ae3-db8c-4617-861d-2cf9a117f605","2025-07-02 16:04:10.147","3904","fucc"
"47f5c30a-17d1-424c-9666-948064d33fd0","fb7d1ae3-db8c-4617-861d-2cf9a117f605","2025-07-02 17:07:04.929","3904","harassment"
"f20e205e-bed2-4254-a314-1cf6566e1e84","5099fed4-b7f7-40de-b64e-73b9aa096b84","2025-07-03 15:20:22.133","3904","MISSING PERSON"
"71e6a4ec-11be-46ab-ae1d-b98cdd8925d6","5099fed4-b7f7-40de-b64e-73b9aa096b84","2025-07-03 16:14:23.401","3904","MISSING PERSON"
"ea3016d2-ec86-4304-b5a6-4386ccd63221","fb7d1ae3-db8c-4617-861d-2cf9a117f605","2025-07-03 20:18:22.797","3904","DA Investigator"
"4c3d7b38-265a-46c8-8ca7-64d556270bc4","fb7d1ae3-db8c-4617-861d-2cf9a117f605","2025-07-04 14:34:49.054",3904,"Missing person"
"b9c2ff7a-ae54-4371-9fc8-71990005b8b9","865aaa25-37fd-44f2-8f3d-19f07c199275","2025-07-04 15:23:15.246",3904,"attempted uuv"
"e29229c6-9016-4676-a450-eb505d21c897","865aaa25-37fd-44f2-8f3d-19f07c199275","2025-07-04 16:05:43.942",3904,"attempted uuv"
"265af370-c870-4b45-a7ee-bb89f295a17d","865aaa25-37fd-44f2-8f3d-19f07c199275","2025-07-04 17:09:19.028",3904,"attempted uuv"
"bd860c63-b4b0-4fb8-90ce-7a06e61c9bbc","865aaa25-37fd-44f2-8f3d-19f07c199275","2025-07-04 20:57:16.781",3905,"attempted uuv"
"0c185dce-8f67-4b61-86db-31c477843c29","865aaa25-37fd-44f2-8f3d-19f07c199275","2025-07-04 21:30:29.255",3905,"attempted uuv"
"7ce4240b-8816-4189-991f-4cbdea27dbfe","fc8596ff-2949-4b4b-bb52-87aa9a1bd0e6","2025-07-04 22:38:46.468",3905,"stolen car"
"5eaf919c-7391-4e52-8834-085c28b95bc2","fc8596ff-2949-4b4b-bb52-87aa9a1bd0e6","2025-07-04 22:40:21.986",3905,"ATT UUV"
"b4a81b5c-5214-4726-a23e-ea3fabba5e10","fc8596ff-2949-4b4b-bb52-87aa9a1bd0e6","2025-07-07 03:24:28.000",3905,"menacing with a"
"f41013bf-cf26-4c4f-9c93-09e2d4f7ea84","fc8596ff-2949-4b4b-bb52-87aa9a1bd0e6","2025-07-07 03:24:33.517",3905,"menacing with a gun"
"e0f53b81-6d99-411b-b09c-301526b4ff7e","5db0b69a-8401-464f-92fe-4364df6a2a82","2025-07-07 04:16:36.346",3905,"shooting"
"12b791c5-106b-4660-920d-67c231151a2f","fc8596ff-2949-4b4b-bb52-87aa9a1bd0e6","2025-07-07 04:35:14.017",3905,"menacing with a gun"
"d83ad9a5-c3bc-43e2-a842-cad970196187","5db0b69a-8401-464f-92fe-4364df6a2a82","2025-07-07 05:00:11.895",3905,"shooting"
"54027113-87d4-4486-abd8-fd6dd6009acd","fb7d1ae3-db8c-4617-861d-2cf9a117f605","2025-07-08 15:24:26.378",3912,"assault"
"f2bf4cd4-9efa-4967-927b-f5fc6de1dd00","5099fed4-b7f7-40de-b64e-73b9aa096b84","2025-07-09 15:53:52.210",3918,"STOLEN"
"a14413b1-55ee-43fd-819f-455584a1aa28","fb7d1ae3-db8c-4617-861d-2cf9a117f605","2025-07-09 19:01:10.178",3922,"fire inv"
"d16304ff-3819-46aa-9746-9865f68ae0ee","fb7d1ae3-db8c-4617-861d-2cf9a117f605","2025-07-09 20:00:22.578",3922,"fire inv"
"7bc2bc0d-8d10-46d3-a5f5-57fcfe03aacf","fb7d1ae3-db8c-4617-861d-2cf9a117f605","2025-07-09 21:06:13.559",3922,"fire inv"
"c9e0cdb0-74e0-4afe-bdff-2cc5fd6a2a05","5099fed4-b7f7-40de-b64e-73b9aa096b84","2025-07-09 21:18:19.540",3922,"suspect"
"19f13259-f971-4154-bd9c-dc794e867402","fb7d1ae3-db8c-4617-861d-2cf9a117f605","2025-07-09 22:04:35.696",3922,"fire inv"
"5d4f9692-d5d1-4013-aabc-8c436c4c7675","5099fed4-b7f7-40de-b64e-73b9aa096b84","2025-07-09 22:25:39.891",3922,"suspect"
"a6034598-e792-4262-9e59-c877f5af4f73","fb7d1ae3-db8c-4617-861d-2cf9a117f605","2025-07-09 23:00:23.910",3922,"fire inv"
"925f3eb6-170b-47c3-95a2-2bf0a170611f","fb7d1ae3-db8c-4617-861d-2cf9a117f605","2025-07-10 00:00:06.980",81959,"fire inv"
"d5bbd664-30ba-4b4a-8060-b2d224c48354","72d846eb-c44e-4bae-a861-6e2d24f613e4","2025-07-10 00:10:24.100",3922,"Fire"
"bf28f864-478b-446f-9cf9-7d59ca45116e","fb7d1ae3-db8c-4617-861d-2cf9a117f605","2025-07-10 00:11:07.656",3922,"Fire"
"770d7191-27dd-4cc5-949b-b2c0b02fcf81","72d846eb-c44e-4bae-a861-6e2d24f613e4","2025-07-10 01:00:02.679",3922,"Fire"
"68bcf21b-fa6c-4759-9d5a-af7bd0e40c7c","fb7d1ae3-db8c-4617-861d-2cf9a117f605","2025-07-10 01:03:04.533",81965,"fire inv"
"fe9eccf2-25b2-4de0-8ae9-f0faa8d2bde9","17ab8242-d52a-4131-8b9e-ed8d3174a99c","2025-07-10 01:07:01.793",0,"Murder"
"f27db90a-1962-4d16-be94-b713cf23d9f5","fb7d1ae3-db8c-4617-861d-2cf9a117f605","2025-07-10 01:54:47.009",3922,"Fire"
"df11f0cf-d3aa-484e-8d1c-f6b27a5632e6","fb7d1ae3-db8c-4617-861d-2cf9a117f605","2025-07-10 02:00:13.270",3922,"Fire"
"84f895ea-abe5-4492-bd60-dd8d0f6654e9","72d846eb-c44e-4bae-a861-6e2d24f613e4","2025-07-10 02:00:43.712",3922,"Fire"
"ef02dec6-02c1-4d32-9779-031cadcb3ee9","fbfa025f-202c-4c60-ae95-9396fc290dd5","2025-07-10 02:25:44.866",3922,"investigation"
"88efe4ae-9f94-4133-8f87-856962a0c911","fb7d1ae3-db8c-4617-861d-2cf9a117f605","2025-07-10 03:01:12.172",3922,"Fire"
"6821cb2f-5b3a-4bca-aec7-873a9845d93f","fbfa025f-202c-4c60-ae95-9396fc290dd5","2025-07-10 04:02:49.086",81967,"investigation"
"482358c8-955d-4c1e-b4cb-090fcde58dcf","fb7d1ae3-db8c-4617-861d-2cf9a117f605","2025-07-10 04:04:33.720",3922,"fire inv"
"9182239b-3d2f-48d2-b7eb-1c97abd90afe","fb7d1ae3-db8c-4617-861d-2cf9a117f605","2025-07-10 04:24:45.176",3922,"Daytime search for best result"
"723c2074-7dad-485a-a4b3-e7c9a65ba835","fb7d1ae3-db8c-4617-861d-2cf9a117f605","2025-07-10 04:33:22.725",3922,"Fire"
"8263285a-c011-478d-9698-4154537b1d47","fb7d1ae3-db8c-4617-861d-2cf9a117f605","2025-07-10 05:00:29.294",3922,"Fire"
"4c648ee3-3f89-4698-aad8-1ff9072c38c4","72d846eb-c44e-4bae-a861-6e2d24f613e4","2025-07-10 05:26:34.679",3922,"Fire"
"9ad9b748-d47a-4abf-82d8-85e43d6b10fd","60e012f5-7340-49d4-aa4e-6a68be107dcf","2025-07-10 05:50:17.097",3922,"25-4567"
"68da60c8-24d0-4a8b-9f59-a7a9c6c605ec","60e012f5-7340-49d4-aa4e-6a68be107dcf","2025-07-10 06:27:02.964",3922,"25-4567"
"e5188d48-a162-45c2-83ce-ea3145203677","60e012f5-7340-49d4-aa4e-6a68be107dcf","2025-07-10 07:23:43.594",3922,"25-4567"
"35eb290b-74cc-42b0-9971-e8d664ec71c7","60e012f5-7340-49d4-aa4e-6a68be107dcf","2025-07-10 08:02:04.647",3922,"25-4567"
"f90cf408-3b70-459e-848e-bdbfcb7dfa40","60e012f5-7340-49d4-aa4e-6a68be107dcf","2025-07-10 09:28:29.351",3922,"25-4567"
"dff539cd-f1ac-44d6-a6e0-6e25944aa5e1","bd053b0f-af8c-4cf8-9cd5-f906b5bceffd","2025-07-10 09:41:26.229",0,"GRID SEARCH FOR LV/"
"ba084469-548f-4029-9e44-e1b12f57b059","bd053b0f-af8c-4cf8-9cd5-f906b5bceffd","2025-07-10 09:41:55.028",0,"GRID SEARCH FOR LV"
"9ed8ad2c-dad1-4e5d-b393-c6631081bf8c","bd053b0f-af8c-4cf8-9cd5-f906b5bceffd","2025-07-10 09:43:18.317",81967,"2504567"
"c33e5473-9a85-427e-84cb-2a8e547a265f","bd053b0f-af8c-4cf8-9cd5-f906b5bceffd","2025-07-10 09:45:22.258",3922," 2504567"
"1711a628-2972-42bf-af54-9d5d9267575c","bd053b0f-af8c-4cf8-9cd5-f906b5bceffd","2025-07-10 10:03:31.721",3922,"2504567"
"5afbfda2-294a-440c-8b96-3d2f66cb8ac8","60e012f5-7340-49d4-aa4e-6a68be107dcf","2025-07-10 10:07:17.354",3922,"25-4567"
"c2207db0-d404-421e-82ae-c0b30b7766e8","bd053b0f-af8c-4cf8-9cd5-f906b5bceffd","2025-07-10 11:11:12.207",3922,"25-4567"
"04bbe4ac-5109-4a46-92b5-5b7bcb6fb127","60e012f5-7340-49d4-aa4e-6a68be107dcf","2025-07-10 11:12:04.948",3922,"25-4567"
"41b8cfe2-75fb-4a84-8a30-4969e0d2542f","fb7d1ae3-db8c-4617-861d-2cf9a117f605","2025-07-10 13:18:11.465",3921,"Fire"
"6ca426d3-9088-4edf-a722-42c6b1ea0bce","72d846eb-c44e-4bae-a861-6e2d24f613e4","2025-07-10 13:38:03.807",3919,"Fire"
"5c06fd05-1848-4963-be1e-9fba2ee654cb","fbfa025f-202c-4c60-ae95-9396fc290dd5","2025-07-10 14:06:56.038",81993,"investigation"
"1d0df58b-d072-418f-ad47-6f56956ee6fb","72d846eb-c44e-4bae-a861-6e2d24f613e4","2025-07-10 14:11:49.461",3921,"Fire"
"04878c56-7ead-4628-968a-4cd24f33dacc","fb7d1ae3-db8c-4617-861d-2cf9a117f605","2025-07-10 14:42:05.826",3921,"Fire"
"ddee8c42-e35b-43b4-947d-2c7cb802f3e3","fb7d1ae3-db8c-4617-861d-2cf9a117f605","2025-07-10 15:01:04.281",3921,"fire inv"
"f635fd7b-caef-46ae-9d24-9c06b2958138","fbfa025f-202c-4c60-ae95-9396fc290dd5","2025-07-10 17:18:57.248",82158,"investigation"
"a95c575d-a91c-4360-a834-98306741042e","fb7d1ae3-db8c-4617-861d-2cf9a117f605","2025-07-10 17:23:33.648",3925,"Fire"
"d315c7c5-3fa7-4396-a5bf-f549fa3e4091","fbfa025f-202c-4c60-ae95-9396fc290dd5","2025-07-10 18:25:38.732",82161,"investigation"
"9c8ee700-7ced-41b6-b5df-e76840c5c1bb","fb7d1ae3-db8c-4617-861d-2cf9a117f605","2025-07-10 18:26:15.016",3927,"Fire"
"d7d27195-643c-43ab-9648-6b935fbfb88b","fb7d1ae3-db8c-4617-861d-2cf9a117f605","2025-07-10 18:57:55.818",4,"fire inv"
"f256b227-4969-4b96-9ff4-996451304c50","fb7d1ae3-db8c-4617-861d-2cf9a117f605","2025-07-10 19:01:45.678",3927,"fire inv"
"a9d66e47-d3a1-4a57-be28-cce9b1545638","fb7d1ae3-db8c-4617-861d-2cf9a117f605","2025-07-10 19:40:45.163",3927,"Fire"
"671b4aaf-659f-4751-b186-2cc5922f2c39","fbfa025f-202c-4c60-ae95-9396fc290dd5","2025-07-10 19:57:12.150",82194,"missing person"
"98ca8000-16e9-480a-ba31-138f0814171f","fb7d1ae3-db8c-4617-861d-2cf9a117f605","2025-07-10 20:38:00.684",3931,"fire inv"
"05325642-29b2-4ffe-b9c1-e9315c8b1423","bd053b0f-af8c-4cf8-9cd5-f906b5bceffd","2025-07-11 08:41:19.014",3931,"2504567"
"8c96bc24-6c0b-4f64-b83a-517c91283069","bd053b0f-af8c-4cf8-9cd5-f906b5bceffd","2025-07-11 08:50:15.482",3931,"UUV"
"9a156857-64ad-4fad-a1f9-8f326f49dc22","bd053b0f-af8c-4cf8-9cd5-f906b5bceffd","2025-07-11 08:50:26.318",3931,"UUV TRACKING"
"03258545-5436-4abb-ac99-42f52916129f","42a9846a-b06a-4b21-8fb2-36fc24e69f80","2025-07-11 08:52:50.981",3931,"training"
"1d8081ce-4f43-496a-a955-b65b55253f12","bd053b0f-af8c-4cf8-9cd5-f906b5bceffd","2025-07-11 13:01:23.245",3931,"ALBANY UUF"
"4b4a8da6-d306-4378-8aa4-1e9e2f3f3cf9","bd053b0f-af8c-4cf8-9cd5-f906b5bceffd","2025-07-11 13:01:33.151",3931,"ALBANY UUV"
"ebfb7ace-82b7-4df1-84cd-aa3d5ec3546a","fb7d1ae3-db8c-4617-861d-2cf9a117f605","2025-07-11 16:55:55.629",3935,"DA Investigator Request"
"d302296e-cc30-4e4f-8e7c-40f81ec3dabc","fb7d1ae3-db8c-4617-861d-2cf9a117f605","2025-07-11 18:20:11.298",3935,"uuv"
"5ee3186f-5f1e-497a-9e2f-6e401da310f1","fb7d1ae3-db8c-4617-861d-2cf9a117f605","2025-07-11 20:57:34.495",3935,"uuv"
"f1d3aaf3-8cdc-41bc-a987-d904caeb046b","bd053b0f-af8c-4cf8-9cd5-f906b5bceffd","2025-07-12 05:55:15.846",0,"uuv"
"25df297e-8272-4430-99cc-ca1eeffec965","fb7d1ae3-db8c-4617-861d-2cf9a117f605","2025-07-14 14:59:54.618",3,"robbery"
"dc8485e3-b02b-435c-b708-932b31da6ffb","fb7d1ae3-db8c-4617-861d-2cf9a117f605","2025-07-14 15:04:18.844",3937,"robbery"
"34be7fe0-142b-4b38-b4ce-127f23994aa8","865aaa25-37fd-44f2-8f3d-19f07c199275","2025-07-15 15:21:18.338",3940,"stolen vehicle"
"befe03b9-74c4-4aa5-becb-361126a9f6b1","865aaa25-37fd-44f2-8f3d-19f07c199275","2025-07-15 15:25:05.135",3942,"stolen plate"
"6fdd3701-3756-4362-9649-597d29d2a597","fb7d1ae3-db8c-4617-861d-2cf9a117f605","2025-07-15 16:19:40.061",3945,"fire inv"
"f16594d4-670a-46be-83a0-25d66fdce45e","fbfa025f-202c-4c60-ae95-9396fc290dd5","2025-07-16 15:40:36.017",3961,"investigation"
"f43642cd-7871-4412-a8b9-145ea8144755","01b52c2e-4688-4795-99d0-73acf2527701","2025-07-16 15:46:28.671",3961,"uuv case"
"4266ab87-bad5-47ac-b1d5-ad0f4650b3a3","fbfa025f-202c-4c60-ae95-9396fc290dd5","2025-07-16 16:00:01.672",3961,"investigation"
"06fadec3-8d15-4eb1-9808-628f80517104","fb7d1ae3-db8c-4617-861d-2cf9a117f605","2025-07-16 18:30:16.251",3961,"Rob"
"38215e9f-2b5c-4e9b-9f48-db471cc4f64a","fb7d1ae3-db8c-4617-861d-2cf9a117f605","2025-07-17 01:30:01.533",3961,"Hom"
"1c64f985-fdb3-467e-8d77-2cf7d23806ab","fb7d1ae3-db8c-4617-861d-2cf9a117f605","2025-07-17 02:24:04.216",3961,"Hom"
"e8df5f96-5d79-4fa8-a161-35eb0c372b61","fb7d1ae3-db8c-4617-861d-2cf9a117f605","2025-07-17 03:06:49.822",3961,"Hom"
"dc440204-b353-4e4d-a764-39b20fb4fc48","162b0343-b201-4005-b31c-0555bcc14d1c","2025-07-17 03:31:58.197",82698,"homicide"
"77516ea4-3523-489b-857b-94d3604e96f9","fb7d1ae3-db8c-4617-861d-2cf9a117f605","2025-07-17 04:02:24.509",3961,"Hom"
"e1388e95-b014-4e9d-9399-8018c5767da3","fb7d1ae3-db8c-4617-861d-2cf9a117f605","2025-07-17 05:07:38.415",3961,"Hom"
"3b949d18-ecdb-47d3-a740-08f930b58af7","fb7d1ae3-db8c-4617-861d-2cf9a117f605","2025-07-17 14:15:04.594",3961,"Hom"
"0873c040-99e9-4666-a7c7-e1ecd70ef86b","fb7d1ae3-db8c-4617-861d-2cf9a117f605","2025-07-17 15:42:36.225",3961,"hom"
"42e15c9f-c83b-4d62-a693-b95a16c46df3","5099fed4-b7f7-40de-b64e-73b9aa096b84","2025-07-17 16:18:20.903",82724,"stolen"
"c86de163-a101-466a-8d61-3c83525604d7","fb7d1ae3-db8c-4617-861d-2cf9a117f605","2025-07-17 16:55:00.490",3963,"uuv"
"e804e72a-3348-4c3b-918f-498bec82e254","fb7d1ae3-db8c-4617-861d-2cf9a117f605","2025-07-17 17:09:27.068",82730,"rob1"
"5f2ec2a5-d5a2-41ec-9b9f-9a3cfd39fb9d","fb7d1ae3-db8c-4617-861d-2cf9a117f605","2025-07-17 19:04:58.547",3963,"Theft"
"dffc5bf9-1cba-43f3-b91f-9bb782bb0b87","fb7d1ae3-db8c-4617-861d-2cf9a117f605","2025-07-17 20:00:26.902",83047,"burg"
"6fe8d12a-c554-42a9-b903-5c394348ee21","fb7d1ae3-db8c-4617-861d-2cf9a117f605","2025-07-17 20:18:40.139",3963,"vinyl theft"
"68dc1881-f886-49b3-af19-e36ffcb9e2e9","fb7d1ae3-db8c-4617-861d-2cf9a117f605","2025-07-17 20:44:07.077",3963,"theft"
"5ee66091-4be7-40c3-accb-ef2cd046f841","fb7d1ae3-db8c-4617-861d-2cf9a117f605","2025-07-17 21:58:40.823",3963,"burg"
"6a038d9b-d094-4250-95d2-4902c79f7075","fb7d1ae3-db8c-4617-861d-2cf9a117f605","2025-07-17 23:31:08.161",3963,"miss pers"
"613e7f8e-53e7-4c3c-9aa3-7920fa295da2","5099fed4-b7f7-40de-b64e-73b9aa096b84","2025-07-18 12:03:19.146",3963,"STOLEN"
"df383513-2a17-4e10-8f30-5860ba1a1006","bd053b0f-af8c-4cf8-9cd5-f906b5bceffd","2025-07-19 10:19:57.917",0,"UUV"
"3ccf1fc3-9c7f-44b8-8718-79f1612d5767","bd053b0f-af8c-4cf8-9cd5-f906b5bceffd","2025-07-19 10:23:19.914",3965,"2504795"
"78aafa80-ec4b-4413-90d4-4348b2dc5f18","fc8596ff-2949-4b4b-bb52-87aa9a1bd0e6","2025-07-21 00:16:22.476",3969,"stolen"
"27c190c5-443a-467b-8ab5-3cfcc7b9aa6e","fc8596ff-2949-4b4b-bb52-87aa9a1bd0e6","2025-07-21 00:27:55.804",3969,"theft suspect"
"79f16eaf-e0ce-4a87-84e4-8a9dc45e0595","fc8596ff-2949-4b4b-bb52-87aa9a1bd0e6","2025-07-21 01:30:26.695",3969,"STOLEN"
"964a25f5-306f-43b1-913e-916f7807367c","fc8596ff-2949-4b4b-bb52-87aa9a1bd0e6","2025-07-21 02:04:40.977",3969,"STOLEN"
"29fc9ff6-d4bb-4885-b499-256771ba3460","6d2d86c1-2a38-4fa2-ace4-f91f1c6b8b57","2025-07-21 07:39:32.063",3969,"stolen vehicle"
"0f1767be-ce21-4bf1-a439-bf811306a954","fb7d1ae3-db8c-4617-861d-2cf9a117f605","2025-07-21 16:09:05.058",3,"rob1"
"933004ab-c128-435f-a3c4-b31587914e84","fb7d1ae3-db8c-4617-861d-2cf9a117f605","2025-07-21 16:16:27.585",3969,"uuv"
"de6c7ff9-4f51-4bfe-a291-cc7287d08154","fb7d1ae3-db8c-4617-861d-2cf9a117f605","2025-07-21 22:20:56.669",3,"rob1"
"7166ff3f-a3c7-4168-b4f6-737b8ea343f2","fc8596ff-2949-4b4b-bb52-87aa9a1bd0e6","2025-07-22 03:57:05.245","3969","stolen"
"5ea45bd4-a837-4a57-97ba-79d0fa273335","d6f7ed99-b681-4ed0-b468-5b0c109603c9","2025-07-22 08:35:16.781","3969","investigative"
"df97348f-7d03-4a62-8cbe-ea7ee6d9d1f7","d6f7ed99-b681-4ed0-b468-5b0c109603c9","2025-07-22 08:36:37.009","3969","Investigative"
"81a3b21e-a4d8-4e31-9a64-0f05bc2ab91c","fbfa025f-202c-4c60-ae95-9396fc290dd5","2025-07-22 15:43:38.162","3971","investigation"
"4f78f2d5-dc20-4dbc-a09f-e9ab3857e9b0","fbfa025f-202c-4c60-ae95-9396fc290dd5","2025-07-22 22:24:16.882","3971","investigation"
"9a206a29-2c64-498e-bf87-cb74685b30a4","fbfa025f-202c-4c60-ae95-9396fc290dd5","2025-07-22 23:04:24.999","3971","investigation"
"dbb22b22-a2b2-4cf4-b408-bbf48c834256","fb7d1ae3-db8c-4617-861d-2cf9a117f605","2025-07-22 23:04:47.663","83267","sex abuse"
"4c75db10-b3e8-4625-b99a-988b2ac1750f","fb7d1ae3-db8c-4617-861d-2cf9a117f605","2025-07-23 15:33:50.333","83791","da invest request"
"87193054-9a8a-4a54-b726-7986bd087953","fb7d1ae3-db8c-4617-861d-2cf9a117f605","2025-07-24 15:41:07.374","83927","Treasury Request"
"1c7f558a-1f16-4276-a18f-7a893d866003","fbfa025f-202c-4c60-ae95-9396fc290dd5","2025-07-24 17:42:00.900","3978","investigation"
"70b6cff6-f448-4c5a-b1f4-4c422285fd85","fbfa025f-202c-4c60-ae95-9396fc290dd5","2025-07-24 21:03:25.823","3978","investigation"
"4da02cfe-aaca-45b3-921f-5e335a3cf120","01b52c2e-4688-4795-99d0-73acf2527701","2025-07-25 15:46:26.584","3980","uuv 2518772"
"00a9cc9e-f40b-4294-a35b-e0cc212c75ec","01b52c2e-4688-4795-99d0-73acf2527701","2025-07-25 15:46:47.284","3980","mybrrm"
"3a3e34af-ed0b-4545-9af7-3124171befdd","01b52c2e-4688-4795-99d0-73acf2527701","2025-07-25 15:47:43.229","3980","uuv"
"f839fc72-e203-4191-a99f-269244ad9383","65e0d73f-b28f-4340-9e12-36a28757d541","2025-07-25 21:40:52.091","3982","stolen vehic"
"666f9c8b-2cad-4d0a-9310-8817835e7516","65e0d73f-b28f-4340-9e12-36a28757d541","2025-07-25 21:41:35.228","4080","stolen vehicle"
"335e106a-a46e-4083-864e-c43d8da75fca","bd053b0f-af8c-4cf8-9cd5-f906b5bceffd","2025-07-26 04:10:24.141","3984","25"
"457ca0da-eb1c-44fe-91e3-ba4dbe778681","bd053b0f-af8c-4cf8-9cd5-f906b5bceffd","2025-07-26 06:57:58.381","3984","2504945"
"04abda84-a876-4db4-8f0a-500800030522","bd053b0f-af8c-4cf8-9cd5-f906b5bceffd","2025-07-26 07:04:15.369","3984","2504945"
"a4f05405-3f55-4fd7-a1c0-dbe115e8e24f","65e0d73f-b28f-4340-9e12-36a28757d541","2025-07-26 16:31:55.563","84086","stolen vehicle"
"fbf30d4d-da6b-4ab0-846e-997d9fc723d4","162b0343-b201-4005-b31c-0555bcc14d1c","2025-07-27 04:00:27.680","84110","THEFT"
"05c18a2a-d6e3-4755-a9f2-9a05d3a05255","fc8596ff-2949-4b4b-bb52-87aa9a1bd0e6","2025-07-27 05:35:18.944","3988","THEFT"
"f0faebdc-8cca-4c4c-bac2-9b8449018eb1","bd053b0f-af8c-4cf8-9cd5-f906b5bceffd","2025-07-27 13:40:09.139","3988","2504945"
"b5d0450b-b45c-4b77-b5ac-d93aa49fcd9b","fc8596ff-2949-4b4b-bb52-87aa9a1bd0e6","2025-07-27 22:30:11.327","3992","theft"
"f6b92db8-d498-4995-8101-d7c8e8c3b330","fc8596ff-2949-4b4b-bb52-87aa9a1bd0e6","2025-07-27 23:08:15.372","3992","theft"
"e3b6ff99-78e5-4a18-8104-83f88de30f34","fc8596ff-2949-4b4b-bb52-87aa9a1bd0e6","2025-07-28 00:14:02.404","3992","theft"
"cab9946e-9342-487d-8ad7-517f1e879b51","fc8596ff-2949-4b4b-bb52-87aa9a1bd0e6","2025-07-28 02:38:54.147","3992","theft"
"0d8c9ab3-8d26-4144-a540-fe735c66a19b","fc8596ff-2949-4b4b-bb52-87aa9a1bd0e6","2025-07-28 03:42:08.599","3992","theft"
"6ed77928-7552-470b-8ad5-8e8c653d9e01","fc8596ff-2949-4b4b-bb52-87aa9a1bd0e6","2025-07-28 05:55:43.649","3992","theft"
"7364493d-aeb6-4da7-a85e-c9d8f263a962","fc8596ff-2949-4b4b-bb52-87aa9a1bd0e6","2025-07-28 06:18:17.749","3992","STOLEN"
"02e37211-c0ad-4ea0-8866-f066fcab8d88","6d2d86c1-2a38-4fa2-ace4-f91f1c6b8b57","2025-07-28 10:02:14.652","3992","stolen car"
"6f6c63d0-c0d4-406c-b12e-01bd8d866452","fb7d1ae3-db8c-4617-861d-2cf9a117f605","2025-07-28 15:46:05.091","3992","theft"
"211dff1d-2c9e-4dc4-a90b-90ff0cb25048","fbfa025f-202c-4c60-ae95-9396fc290dd5","2025-07-28 16:04:31.075","84195","investigation"
"7e5c454d-d45f-421f-aae8-f8f40b5078d3","fb7d1ae3-db8c-4617-861d-2cf9a117f605","2025-07-28 16:06:41.636","3992","theft"
"2cd2efc8-864a-4907-a8c0-e61d5c7a5400","01b52c2e-4688-4795-99d0-73acf2527701","2025-07-28 20:36:49.824","3994","2505004 missing person"
"96a871fc-6f75-46f5-b86c-80d888566dcc","fb7d1ae3-db8c-4617-861d-2cf9a117f605","2025-07-29 15:25:52.171","3996","murder"
"7b62779e-68bb-4337-9ab2-25d945f67e49","8eca698f-3008-4022-ae08-06999f3a349a","2025-07-29 19:43:52.026","4000","Follow Up"
"d2566d5e-8ebd-4ce0-9132-ed1498aa6f8c","fbfa025f-202c-4c60-ae95-9396fc290dd5","2025-07-30 01:11:01.610",4004,"Test"
"2d289069-b7da-4d28-bc40-9ad5eb3f1611","6d2d86c1-2a38-4fa2-ace4-f91f1c6b8b57","2025-07-30 07:09:11.728",4004,"stolen car"
"1caaf087-9ec0-4f7c-9f8e-943ccc4a7c99","65e0d73f-b28f-4340-9e12-36a28757d541","2025-07-30 14:15:26.034",84385,"assault"
"05449398-5d6c-41d6-8fa0-15ee7754bede","8eca698f-3008-4022-ae08-06999f3a349a","2025-08-01 15:40:26.301",4004,"Missing Person"
"8e2a748a-253a-4507-8fd8-b71d0692c883","01b52c2e-4688-4795-99d0-73acf2527701","2025-08-02 13:50:59.045",4007,"uuv"
"19a55946-31bb-4bdd-b7c6-3889f2eb1657","dd5359fa-ec3a-4655-9dfa-39e6335223fc","2025-08-02 14:40:15.752",4007,"stolen veh"
"14b255c7-931e-40f3-afe0-5de1ff403b79","5099fed4-b7f7-40de-b64e-73b9aa096b84","2025-08-02 17:43:16.249",4007,"stlen"
"55e347a4-b253-4434-a421-e4af578b6f3f","5099fed4-b7f7-40de-b64e-73b9aa096b84","2025-08-02 17:45:10.543",4007,"STOLEN"
"8477a568-6e5b-4483-84ae-91b33c680152","5099fed4-b7f7-40de-b64e-73b9aa096b84","2025-08-02 19:29:36.559",4007,"STOLEN"
"a3436267-830f-4a20-8633-fb643229ef27","fbfa025f-202c-4c60-ae95-9396fc290dd5","2025-08-04 21:16:08.374",0,"case"
"bf36a4ad-770d-4384-a346-02dbacd6e34d","fb7d1ae3-db8c-4617-861d-2cf9a117f605","2025-08-05 16:43:06.945",4012,"uuv"
"e3ec4065-b03e-49ee-a93a-b90cbc839574","f676770a-dae8-4a20-babd-c75f9e7cd427","2025-08-06 17:36:35.293",4014,"Stolen"
"00e3b0a9-6448-4261-8995-3e926f313655","865aaa25-37fd-44f2-8f3d-19f07c199275","2025-08-06 17:55:54.623",4014,"stolen veh"
"071b5b38-aca3-47c3-a595-c826d2afbd49","f676770a-dae8-4a20-babd-c75f9e7cd427","2025-08-06 20:26:18.283",85555,"STOLEN VEHICLE"
"75c79f69-a30a-4fe3-aeb3-03acec8b7451","f676770a-dae8-4a20-babd-c75f9e7cd427","2025-08-06 20:29:42.367",85556,"SUSPECT VEHICLE"
"d1a77e41-9b5c-4b9a-921f-d2b99124529e","f676770a-dae8-4a20-babd-c75f9e7cd427","2025-08-06 23:06:32.476",85585,"SUSPECT VEHICLE"
"8d467a87-2064-4876-a56e-c072d8aa45ce","fb7d1ae3-db8c-4617-861d-2cf9a117f605","2025-08-06 23:42:07.109",85586,"rob1"
"13ed50a6-699f-47a0-85d3-800fccd60a34","65e0d73f-b28f-4340-9e12-36a28757d541","2025-08-07 00:15:48.704",4120,"theft of license plate"
"d025b31e-b07b-4d71-beef-1de81f0e400a","17ab8242-d52a-4131-8b9e-ed8d3174a99c","2025-08-07 15:06:30.811",0,"Rape"
"65216263-8d2c-4bbf-9e5e-926f59a49841","17ab8242-d52a-4131-8b9e-ed8d3174a99c","2025-08-07 15:07:53.446",4022,"rape"
"0f5bceaf-690e-41ab-b62c-6bfe49a3594f","17ab8242-d52a-4131-8b9e-ed8d3174a99c","2025-08-07 16:05:40.459",4024,"rape"
"ee9aff7f-ad44-493f-88de-e85bc5d20b4f","fb7d1ae3-db8c-4617-861d-2cf9a117f605","2025-08-07 17:22:47.682",4026,"uuv"
"27647658-5bd7-4a6b-b45b-a16c0f5cf47e","fb7d1ae3-db8c-4617-861d-2cf9a117f605","2025-08-07 18:28:22.469",4026,"burg"
"784d1134-394a-4625-b431-79cf009fc8d5","fb7d1ae3-db8c-4617-861d-2cf9a117f605","2025-08-07 19:18:57.040",4026,"rape"
"196f9dde-9173-452d-8ed2-583e1f1e750e","8eca698f-3008-4022-ae08-06999f3a349a","2025-08-07 20:19:45.743",4026,"Rape"
"30386e1c-02f3-48e4-b84a-07fa9ffe057c","17ab8242-d52a-4131-8b9e-ed8d3174a99c","2025-08-07 20:20:09.568",4026,"Rape"
"60a151f8-b215-4717-ae32-9770c17018ba","8eca698f-3008-4022-ae08-06999f3a349a","2025-08-07 21:15:52.804",4028,"Rape"
"279044b7-a6e4-40d2-859b-685902c3787e","fb7d1ae3-db8c-4617-861d-2cf9a117f605","2025-08-07 21:38:04.033",4028,"rape"
"a265b6ca-b4e4-424e-ac52-81d1dc6b978e","fb7d1ae3-db8c-4617-861d-2cf9a117f605","2025-08-07 22:54:51.390",85823,"rape"
"d1afd7f5-88c9-4649-a39d-51f351ac3ec6","65e0d73f-b28f-4340-9e12-36a28757d541","2025-08-07 23:55:13.530",136,"theft"
"cbb636d6-36d5-4fa0-943e-a7076321313e","17ab8242-d52a-4131-8b9e-ed8d3174a99c","2025-08-08 00:55:42.819",4028,"rape"
"989a0968-a407-4100-be3f-1f74491f008f","f676770a-dae8-4a20-babd-c75f9e7cd427","2025-08-08 06:58:27.943",85832,"SUSPECT VEHICLE"
"4ebc7753-4289-45a5-80e0-94be0a1fff7b","f676770a-dae8-4a20-babd-c75f9e7cd427","2025-08-08 06:59:05.768",4028,"suspect"
"cd21769a-921d-4495-8ede-746c395ad910","f676770a-dae8-4a20-babd-c75f9e7cd427","2025-08-08 07:00:05.315",85832,"suspect"
"2143d48a-cd6b-46c1-bb5b-29892d05210d","f676770a-dae8-4a20-babd-c75f9e7cd427","2025-08-08 07:04:30.888",4028,"elude"
"3ae76de3-8bc1-4e10-be2a-dc7ba0825aa8","a4c34cb7-c99b-49c6-bbf1-e2fbfc9efcd7","2025-08-08 08:25:23.894",4028,"ELUDE"
"8e2d3350-0570-42a0-83bd-e9fcf9d7594a","f676770a-dae8-4a20-babd-c75f9e7cd427","2025-08-08 08:37:47.098",4028,"elude"
"648e8d89-150b-41cc-a7dc-7f0544eea5c4","f676770a-dae8-4a20-babd-c75f9e7cd427","2025-08-08 08:40:11.713",85832,"stolen"
"5a00619d-4083-404d-bbbb-04cc818f1a3b","f676770a-dae8-4a20-babd-c75f9e7cd427","2025-08-08 09:00:00.490",0,"stolen"
"77006d98-bf30-4366-9bd0-1d95cb62e4a8","f676770a-dae8-4a20-babd-c75f9e7cd427","2025-08-08 09:01:22.094",85832,"SUSPECT VEHICLE"
"5717d89e-cdf9-4402-be04-68ac49f9ef2f","6d2d86c1-2a38-4fa2-ace4-f91f1c6b8b57","2025-08-09 06:12:06.134",4027,"stolen vehicle"
"09ac8142-875f-41a2-a083-027c1cc39c43","fb7d1ae3-db8c-4617-861d-2cf9a117f605","2025-08-09 06:23:40.394",4027,"Theft"
"f34514c0-a4ff-43b5-bb32-7ad769289568","0e8ecca7-b160-48c7-a4b5-40e903392e23","2025-08-09 17:00:15.835",4027,"ATL Vehicle"
"7a9f4619-b819-46fa-ae00-757b06a32183","0e8ecca7-b160-48c7-a4b5-40e903392e23","2025-08-09 17:16:48.065",4027,"OPEN ATL"
"c3458120-264a-463e-8439-4fe14e9cabbd","162b0343-b201-4005-b31c-0555bcc14d1c","2025-08-10 03:58:17.370",85962,"stolen vehicle"
"efb4c0ee-ba57-4b0f-9862-d9c1f77d54f8","162b0343-b201-4005-b31c-0555bcc14d1c","2025-08-10 05:04:29.434",85962,"Shooting suspect"
"0d795ec5-e035-4dd2-8024-83743d98888c","162b0343-b201-4005-b31c-0555bcc14d1c","2025-08-10 07:03:41.636",4027,"shooting suspect"
"95d1306f-f8f3-4d39-9f42-08353b4eab3c","162b0343-b201-4005-b31c-0555bcc14d1c","2025-08-10 07:37:51.238",85962,"Stolen Vehicle"
"79b07429-2750-4076-89f3-7187237adf69","162b0343-b201-4005-b31c-0555bcc14d1c","2025-08-10 10:39:36.120",85962,"UUV"
"bd9414af-160a-4fd2-8c5b-64c730a737b8","fc8596ff-2949-4b4b-bb52-87aa9a1bd0e6","2025-08-10 14:06:54.703",4027,"stolen"
"290cbb7d-858f-4f2a-a4a0-745c4e2575a2","fc8596ff-2949-4b4b-bb52-87aa9a1bd0e6","2025-08-10 16:45:37.143",4027,"stolen"
"ba8f8729-bb79-416b-9963-9fa9b23f411c","0e8ecca7-b160-48c7-a4b5-40e903392e23","2025-08-10 19:15:10.788",4027,"ACTIVE ATL"
"323e0aeb-ae44-4dd3-9360-cf1686c848d2","0e8ecca7-b160-48c7-a4b5-40e903392e23","2025-08-10 19:17:07.829",4027,"ACTIVE A"
"1fc02cd1-33a6-4d14-a113-cfe02cba8293","162b0343-b201-4005-b31c-0555bcc14d1c","2025-08-11 00:37:51.831",85965,"STOLEN VEHICLE"
"1b4b0575-d98a-4909-b389-a6188c57ef74","162b0343-b201-4005-b31c-0555bcc14d1c","2025-08-11 09:51:47.145",85965,"STOLEN VEHICLE"
"0728bc68-90bd-412d-a351-4e44bd43fe69","fc8596ff-2949-4b4b-bb52-87aa9a1bd0e6","2025-08-11 15:27:11.339",4027,"stolen"
"f8190ed6-235f-479b-87ef-78e2a655b8fa","65e0d73f-b28f-4340-9e12-36a28757d541","2025-08-11 15:42:52.871",4125,"theft"
"73273ca1-245a-42a3-993e-f8d15aaeae64","92811fe2-772c-485e-b009-c0349817e9e9","2025-08-11 15:54:16.231",4027,"Stolen Vehicle"
"56a5e9d3-ffce-41e6-8a6f-8cdc7cc058fe","65e0d73f-b28f-4340-9e12-36a28757d541","2025-08-11 16:01:32.388",135,"theft"
"59c489b4-d7c0-4b07-80e4-c24109ac1336","65e0d73f-b28f-4340-9e12-36a28757d541","2025-08-11 18:18:39.329",4027,"theft"
"a79d7f34-6364-4f6d-ae9d-ca80c0d445c4","fc8596ff-2949-4b4b-bb52-87aa9a1bd0e6","2025-08-11 18:46:19.594",4027,"25-5236"
"9986401c-0767-4065-b9f9-f8763faa41d2","65e0d73f-b28f-4340-9e12-36a28757d541","2025-08-11 22:50:28.918",26,"theft"
"f9cbb0af-56b1-4ff8-9a9e-f8d055aafbed","65e0d73f-b28f-4340-9e12-36a28757d541","2025-08-11 23:00:00.359",26,"theft"
"5827e7e4-9509-4181-b180-b4ebdc54cbf1","92811fe2-772c-485e-b009-c0349817e9e9","2025-08-12 01:19:12.579",86032,"Stolen Vehicle"
"2793d112-9c3e-4a37-a236-81f2ef5347b5","65e0d73f-b28f-4340-9e12-36a28757d541","2025-08-12 20:09:03.710",4029,"theft"
"670cf3eb-2c6f-44c3-86dd-11fecb8540e6","65e0d73f-b28f-4340-9e12-36a28757d541","2025-08-12 21:02:06.096",4029,"theft"
"4e701f20-ecbd-416c-aa33-989f5c301248","92811fe2-772c-485e-b009-c0349817e9e9","2025-08-12 22:17:07.640",4127,"UUV"
"dc46c14f-0efd-4ceb-afed-26270bfd8178","65e0d73f-b28f-4340-9e12-36a28757d541","2025-08-12 22:29:32.545",4029,"theft"
"d37d67f4-b656-4d29-8d8e-20f0a00ca966","65e0d73f-b28f-4340-9e12-36a28757d541","2025-08-12 23:24:44.942",4029,"theft"
"75326fc0-72f6-434e-bfa9-78de7ee2cefe","390c34fc-169a-4122-b91c-e183fa1de770","2025-08-12 23:26:06.631",4029,"uuv"
"0f44a3dc-1bff-406a-bbee-6eb99d232961","92811fe2-772c-485e-b009-c0349817e9e9","2025-08-12 23:32:33.225",4127,"UUV"
"38c58f98-a4f0-4a22-bcf2-bd966fae82cc","65e0d73f-b28f-4340-9e12-36a28757d541","2025-08-13 00:00:04.848",4029,"theft"
"740287bd-688e-4331-8557-63ca35dd790b","08384b86-8d8c-40d4-9fec-f92a43633693","2025-08-13 16:45:13.465",0,"Theft"
"683e649f-1091-4c83-a354-111ac415d823","fb7d1ae3-db8c-4617-861d-2cf9a117f605","2025-08-13 16:52:25.027",187,"elude"
"68538b4d-bbce-43cc-9e61-654aca02faab","fc8596ff-2949-4b4b-bb52-87aa9a1bd0e6","2025-08-13 16:54:38.576",4029,"25-5385"
"9c6dc741-1226-4e48-84ac-c52a96656dae","08384b86-8d8c-40d4-9fec-f92a43633693","2025-08-13 17:07:45.712",4029,"theft"
"c03b37bb-7617-4091-8252-6be0037e503e","fb7d1ae3-db8c-4617-861d-2cf9a117f605","2025-08-13 17:23:00.836",155,"elude"
"7f24d739-8c0b-438b-9176-c3258a2637b5","fb7d1ae3-db8c-4617-861d-2cf9a117f605","2025-08-13 18:00:54.898",4029,"elude"
"6a3097c3-2e5c-45f4-b3a0-08fc3286919d","fb7d1ae3-db8c-4617-861d-2cf9a117f605","2025-08-13 18:24:32.587",4029,"theft"
"93c8a8eb-573f-4b40-b20d-1d2f65e057c6","fb7d1ae3-db8c-4617-861d-2cf9a117f605","2025-08-13 19:20:26.453",4029,"susp cond"
"a1cea377-61b7-4f2e-b4f1-a133141523c2","01b52c2e-4688-4795-99d0-73acf2527701","2025-08-13 20:21:45.814",4029,"2505390"
"80ba5774-d04a-4d9c-90ca-b7455bd51f81","fb7d1ae3-db8c-4617-861d-2cf9a117f605","2025-08-13 21:45:05.507",4029,"elude"
"084c272d-8992-4f96-b18a-fd6f062973c5","fb7d1ae3-db8c-4617-861d-2cf9a117f605","2025-08-13 22:00:01.801",4029,"elude"
"53c44430-644f-438a-8ae5-d5c38753b135","65e0d73f-b28f-4340-9e12-36a28757d541","2025-08-14 16:44:42.620",4029,"theft"
"b22a6eae-c4c5-4e58-97f6-d5a373f1d7bf","fb7d1ae3-db8c-4617-861d-2cf9a117f605","2025-08-14 20:02:53.636",86768,"da invest req"
"64237d9d-6c6c-44da-87ef-dc922fec5ab7","65e0d73f-b28f-4340-9e12-36a28757d541","2025-08-14 23:00:51.441",150,"theft"
"a04209d0-213f-499b-af79-b99a935b905a","fb7d1ae3-db8c-4617-861d-2cf9a117f605","2025-08-14 23:20:57.359",86799,"theft"
"31adcffc-5cf3-41cd-85f2-3dc49d3812f6","65e0d73f-b28f-4340-9e12-36a28757d541","2025-08-15 00:14:33.768",4029,"theft"
"e36a9941-45fd-4b06-968c-2efb5d47ab01","4f0ea4ac-825f-4bc2-acb1-f22585a5e829","2025-08-15 01:22:33.945",4029,"theft"
"300bf6bb-bd02-4a10-9d61-108d78c85ed8","f676770a-dae8-4a20-babd-c75f9e7cd427","2025-08-15 01:23:51.321",4029,"SUSPECT VEHICLE"
"2db4d22b-4d5e-4417-b04f-b60bf6e14787","fb7d1ae3-db8c-4617-861d-2cf9a117f605","2025-08-15 01:40:32.835",4029,"Theft"
"eea5d5c7-df96-49a2-8336-7016bfa11033","fb7d1ae3-db8c-4617-861d-2cf9a117f605","2025-08-15 14:26:00.897",86832,"theft"
"180643df-99a6-49cb-ae8d-f6c8fbfdf67b","08384b86-8d8c-40d4-9fec-f92a43633693","2025-08-15 15:31:04.602",4029,"theft"
"42611678-950e-42a8-b7c0-fec9b9abf804","5099fed4-b7f7-40de-b64e-73b9aa096b84","2025-08-15 20:12:31.268",4029,"stolen"
"dfd11572-2d13-4bc2-b66f-e94cdf74774c","fb7d1ae3-db8c-4617-861d-2cf9a117f605","2025-08-15 21:40:25.323",4029,"Theft"
"bcd69dc0-e504-4d95-965d-01b922e08982","6d2d86c1-2a38-4fa2-ace4-f91f1c6b8b57","2025-08-16 05:33:07.668",4029,"stolen"
"e4c62a0f-af1f-4883-a16a-bf93de970c28","6d2d86c1-2a38-4fa2-ace4-f91f1c6b8b57","2025-08-16 06:12:40.305",4029,"stolen"
"6c2b0e6a-557f-4243-a9e9-6eec1b5e3de8","f676770a-dae8-4a20-babd-c75f9e7cd427","2025-08-16 08:17:28.745",4029,"suspect"
"babdd685-6cb7-4e5c-8296-b6a6aa9bcb75","fc8596ff-2949-4b4b-bb52-87aa9a1bd0e6","2025-08-16 14:26:12.120",4029,"2505236"
"2308a562-fe81-4c3e-aad6-83e7af2a5bc9","fc8596ff-2949-4b4b-bb52-87aa9a1bd0e6","2025-08-16 15:24:16.390",4029,"stolen"
"9f041b23-8182-4d73-9631-bf2b556c67f0","fc8596ff-2949-4b4b-bb52-87aa9a1bd0e6","2025-08-16 15:42:54.650",4030,"25208447"
"5e0faac5-6371-4002-8b69-680cf86cbfc8","f676770a-dae8-4a20-babd-c75f9e7cd427","2025-08-17 02:57:20.871",86903,"suspect"
"dc3804ff-8d31-4bc9-b5cf-e4d7f4f615f0","f676770a-dae8-4a20-babd-c75f9e7cd427","2025-08-17 05:39:31.998",86903,"suspect"
"f07853c0-a794-434b-b02b-92d6c4285a69","f676770a-dae8-4a20-babd-c75f9e7cd427","2025-08-17 08:34:22.182",86903,"suspect"
"cca81f8e-e0b5-445d-afc0-dbefaa044bc5","dd5359fa-ec3a-4655-9dfa-39e6335223fc","2025-08-17 11:13:04.664",4040,"stolen vehicle"
"9b6d58cd-d51c-4f37-ba8d-29ab545085a1","efdce85f-2c0c-498a-b488-254717765ed8","2025-08-17 11:13:12.661",4040,"stolen vehicle"
"3463b87f-e6d7-40a4-9c9b-acb83590331d","f676770a-dae8-4a20-babd-c75f9e7cd427","2025-08-17 11:14:55.125",86903,"suspect"
"08773f00-18e7-4446-adb0-d090bafcca10","dd5359fa-ec3a-4655-9dfa-39e6335223fc","2025-08-17 14:09:07.206",4040,"stolen vehicle"
"5ad162fa-355d-411a-a4e0-b533a7a95da5","dd5359fa-ec3a-4655-9dfa-39e6335223fc","2025-08-17 14:09:46.022",4040,"unsigned stolen"
"da0f0e5a-aa7e-4ce7-b6b0-4fb67b35fed0","cf20f9c8-a941-45d6-9b26-2e06938f66f6","2025-08-17 16:15:32.805",4040,"investigative"
"d8aa8c32-2d1a-4081-a490-1028c25acee0","cf20f9c8-a941-45d6-9b26-2e06938f66f6","2025-08-17 17:06:57.413",4040,"investigative"
"baa944eb-9ec8-4ee6-b285-50dc526baa93","154e5978-8ec6-4f0d-99c3-4582997c91bb","2025-08-18 10:01:24.878",86907,"Stolen vehicle"
"8d454930-96df-4315-8f7b-ae968c064571","154e5978-8ec6-4f0d-99c3-4582997c91bb","2025-08-18 10:12:40.709",86907,"test"
"4fa9c61c-6520-4703-95cb-d5b7bf829a3b","154e5978-8ec6-4f0d-99c3-4582997c91bb","2025-08-18 10:14:30.588",86907,"stolen vehicle"
"2cdfef40-d399-4d7e-8f59-8c37bbf761fd","65e0d73f-b28f-4340-9e12-36a28757d541","2025-08-18 16:02:19.738",4044,"theft"
"5e5cf652-c65b-46bb-9251-65bb6d56b1b4","fc8596ff-2949-4b4b-bb52-87aa9a1bd0e6","2025-08-18 16:22:33.702",4044,"THEFT"
"dda9fb78-55cf-4140-802d-d34f05c43fbb","fb7d1ae3-db8c-4617-861d-2cf9a117f605","2025-08-18 17:06:02.448",4044,"Theft"
"f361e826-38a0-4e44-a332-3b8e0652e544","65e0d73f-b28f-4340-9e12-36a28757d541","2025-08-18 17:27:55.977",4044,"theft"
"c01fe762-d6a8-4c7e-a3fe-971c8735329f","0e8ecca7-b160-48c7-a4b5-40e903392e23","2025-08-18 18:30:43.522",4044,"ACTIVR ATL"
"645d87fb-f587-463b-a614-b5456e795024","fc8596ff-2949-4b4b-bb52-87aa9a1bd0e6","2025-08-18 18:35:39.622",4044,"25203826"
"a1906df5-03f3-4367-bf7f-51061cf568a6","dd5359fa-ec3a-4655-9dfa-39e6335223fc","2025-08-18 18:42:22.762",4142,"investigative"
"54d685b2-2af1-438c-939e-3abe50dd3cd3","fb7d1ae3-db8c-4617-861d-2cf9a117f605","2025-08-18 19:06:47.509",4044,"ort"
"c9145e00-9109-4e51-8bab-6d3d4d41be7e","dd5359fa-ec3a-4655-9dfa-39e6335223fc","2025-08-18 19:28:03.145",4044,"investigative"
"ed2290bc-4456-408e-a597-284c1ae5ec00","fc8596ff-2949-4b4b-bb52-87aa9a1bd0e6","2025-08-18 19:31:11.966",0,"25203826"
"d295a54a-a1c4-40ab-a632-d65c3884a90c","65e0d73f-b28f-4340-9e12-36a28757d541","2025-08-18 23:37:39.879",4048,"theft"
"39643f4e-147b-4d57-bb9b-f6eb31c0ead4","66f75625-e92d-4055-bc78-78149c0bf4a5","2025-08-19 16:08:12.410",4148,"Stolen Vehicle"
"b94762ec-34ba-4aa7-ad00-835fac140335","66f75625-e92d-4055-bc78-78149c0bf4a5","2025-08-19 16:31:31.364",0,"Daytime search for best result"
"6892ea30-0ffe-4e17-a7f3-35446199e9bd","66f75625-e92d-4055-bc78-78149c0bf4a5","2025-08-19 17:30:45.932",197,"Stolen Vehicle"
"d5cb8ef7-2ed3-42b8-a7b4-778d844dff2c","65e0d73f-b28f-4340-9e12-36a28757d541","2025-08-19 22:03:11.748",4052,"theft"
"7115187a-d442-4067-a47c-1102906e0286","162b0343-b201-4005-b31c-0555bcc14d1c","2025-08-20 01:09:55.935",87134,"25211480"
"c8c418a2-1790-455f-899e-d33a0718edf7","cf20f9c8-a941-45d6-9b26-2e06938f66f6","2025-08-20 01:31:06.270",4056,"investigative"
"52b46a12-675b-4bfb-9478-b9efed4d3505","ad0cce28-c2da-48f5-8a3d-0162e4753757","2025-08-20 06:28:01.206",4056,"stolen vehicle"
"5bf7f437-5c1e-4134-9b2e-85b05d0018f7","ad0cce28-c2da-48f5-8a3d-0162e4753757","2025-08-20 07:34:14.771",4056,"stolen vehicle"
"0288aa63-1d79-4daf-9d16-dfba0a10b2a7","ad0cce28-c2da-48f5-8a3d-0162e4753757","2025-08-20 10:09:42.994",4056,"stolen vehicle"
"69f925b7-43b3-4dd8-b1ed-6835dfa2bfcc","ad0cce28-c2da-48f5-8a3d-0162e4753757","2025-08-20 11:20:13.718",4056,"stolen vehicle"
"9f749624-adb3-4ff5-9a5d-76ce31cf3f36","ad0cce28-c2da-48f5-8a3d-0162e4753757","2025-08-20 12:13:31.644",4056,"stolen vehicle"
"de002f66-f16a-4882-a135-5ab699948d4b","65e0d73f-b28f-4340-9e12-36a28757d541","2025-08-20 16:46:39.290",4057,"theft"
"eddf6b28-ded9-4d94-a7e9-72fe50ac693d","ad0cce28-c2da-48f5-8a3d-0162e4753757","2025-08-20 21:15:25.498",4057,"Stolen vehicle"
"91c6f3e2-d374-4b8e-9674-5758b5ee5e76","ad0cce28-c2da-48f5-8a3d-0162e4753757","2025-08-20 21:17:33.379",0,"stolen vehicle"
"b6987ec4-0acb-4f18-8e80-4f61d28edf11","65e0d73f-b28f-4340-9e12-36a28757d541","2025-08-20 22:03:51.180",4057,"theft"
"d1882498-4e66-41c1-be4b-78a1cb8bbcb2","ad0cce28-c2da-48f5-8a3d-0162e4753757","2025-08-21 00:06:57.087",4057,"stolen vehicle"
"28ca2f75-22ca-44bd-b511-e2b9971075d9","ad0cce28-c2da-48f5-8a3d-0162e4753757","2025-08-21 01:51:52.248",4057,"stolen vehicle"
"2e319bcb-28de-4637-861e-8d0870ccf3ea","ad0cce28-c2da-48f5-8a3d-0162e4753757","2025-08-21 03:07:53.428",4058,"stolen vehicle"
"06ea91a3-2be0-4ea0-bd04-a00a4be857bd","ad0cce28-c2da-48f5-8a3d-0162e4753757","2025-08-21 07:56:32.594",4058,"stolen vehicle"
"6b0ee0d9-cddf-4da0-a30f-653e2334792e","ad0cce28-c2da-48f5-8a3d-0162e4753757","2025-08-21 10:02:38.290",4058,"stolen vehicle"
"a97c806f-b719-4f94-b44f-79df388ed3c3","ad0cce28-c2da-48f5-8a3d-0162e4753757","2025-08-21 12:39:16.337",4058,"stolen vehicle"
"5c55ce1c-ead3-4689-b91f-ac6329b316b3","dd5359fa-ec3a-4655-9dfa-39e6335223fc","2025-08-21 16:30:54.526",4058,"investigative"
"93e8401b-bd3f-4ac4-ad7a-7cc808eea9e4","8eca698f-3008-4022-ae08-06999f3a349a","2025-08-21 19:22:37.106",0,"UUV"
"a30cf46f-1601-4d89-aed1-b01fb8b88ef8","2d4eebd6-c6c8-4d60-8a59-3a622105992c","2025-08-21 19:23:31.792",4058,"VA133G"
"1af2f380-17fa-48c8-a109-0270e3ea9288","5db0b69a-8401-464f-92fe-4364df6a2a82","2025-08-22 01:33:48.485",0,"public indecency"
"1f5f6a89-1199-4592-bb87-5557fae377a1","5db0b69a-8401-464f-92fe-4364df6a2a82","2025-08-22 01:34:50.532",0,"pub ind"
"7c14a8f6-a3d3-4367-8ab6-e489ac2ba37d","fb7d1ae3-db8c-4617-861d-2cf9a117f605","2025-08-22 02:34:41.529",4060,"Pub ind"
"f1128b51-dd4b-42eb-92c8-b216805280e6","ad0cce28-c2da-48f5-8a3d-0162e4753757","2025-08-22 04:33:24.087",4060,"Stolen vehicle"
"db91cfc8-4821-4ffd-b190-a746a37401e9","f676770a-dae8-4a20-babd-c75f9e7cd427","2025-08-22 05:56:59.611",87350,"STOLEN"
"8bc3f2d8-1fda-4198-bec5-aa3979e5181f","f676770a-dae8-4a20-babd-c75f9e7cd427","2025-08-22 07:15:29.417",87350,"STOLEN"
"ca720f16-8fbf-4f8a-9075-74303333ccc9","6d2d86c1-2a38-4fa2-ace4-f91f1c6b8b57","2025-08-22 07:26:25.099",4060,"stolen"
"b0c992d7-296d-4fc8-8efe-b915e74b976a","f676770a-dae8-4a20-babd-c75f9e7cd427","2025-08-22 08:03:01.605",4060,"STOLEN"
"50323291-4762-4274-9300-539ea88b56b1","f676770a-dae8-4a20-babd-c75f9e7cd427","2025-08-22 08:11:41.876",4060,"stolen"
"9b0d0743-d944-44c7-b9e8-702ae081c37c","f676770a-dae8-4a20-babd-c75f9e7cd427","2025-08-22 10:00:18.751",87350,"STOLEN"
"8a66f538-6b3c-4e31-b3be-0e5e3f89d130","f676770a-dae8-4a20-babd-c75f9e7cd427","2025-08-22 11:12:40.181",87352,"STOLEN"
"f19754d1-3bcd-4480-b53c-5d087d5746e5","60e012f5-7340-49d4-aa4e-6a68be107dcf","2025-08-22 12:38:06.259",4060,"stolen"
"01866ffc-d81a-4e03-b00f-bced38c57627","f676770a-dae8-4a20-babd-c75f9e7cd427","2025-08-22 12:40:32.999",1,"stolen"
"8f57b4ef-e54b-4347-8ee2-7b3298a39310","f676770a-dae8-4a20-babd-c75f9e7cd427","2025-08-22 12:59:31.798",4060,"STOLEN"
"2c166881-635f-4432-98a9-8b856cacf89b","60e012f5-7340-49d4-aa4e-6a68be107dcf","2025-08-22 14:42:47.460",4060,"stolen"
"6a8660bb-1cd9-484d-a9ea-7180fe66c31a","fb7d1ae3-db8c-4617-861d-2cf9a117f605","2025-08-22 22:18:14.426",87522,"pub ind"
"ba8a3770-eaf2-48b9-987d-c1d0ed2eda81","fb7d1ae3-db8c-4617-861d-2cf9a117f605","2025-08-23 00:04:15.207",6240,"Pub ind"
"131e6e90-62b8-4474-b6dc-bb0da6881ae3","f676770a-dae8-4a20-babd-c75f9e7cd427","2025-08-23 03:39:20.577",87526,"STOLEN"
"3058ac4d-b98b-4c8e-931f-001cb7ef63b9","f676770a-dae8-4a20-babd-c75f9e7cd427","2025-08-23 03:40:59.128",87526,"STOLEN VEHICLE"
"49c844b9-d20a-4c30-9af3-579232a9911c","f676770a-dae8-4a20-babd-c75f9e7cd427","2025-08-23 04:28:32.551",6240,"suspect"
"46549503-fcf9-4aa0-b0f4-a1b37a9acbf7","f676770a-dae8-4a20-babd-c75f9e7cd427","2025-08-23 04:52:08.578",6240,"stolen"
"2a5485fc-a143-41a7-964f-d35c6e9dc965","f676770a-dae8-4a20-babd-c75f9e7cd427","2025-08-23 05:06:33.346",6240,"stolen"
"0f1c181f-8214-4cf4-a0f8-38b9d4d8547b","6d2d86c1-2a38-4fa2-ace4-f91f1c6b8b57","2025-08-23 08:01:48.158",6240,"elude"
"836659d5-98fb-43a1-b10e-3d2e29195ae3","6d2d86c1-2a38-4fa2-ace4-f91f1c6b8b57","2025-08-23 08:14:37.071",6240,"suspect vehicle"
"b59fc2f1-4215-4fb0-bbd6-8a4c42d47e6c","f676770a-dae8-4a20-babd-c75f9e7cd427","2025-08-23 10:00:42.704",87528,"stolen"
"f7868824-367d-49b1-908e-7d06855a4eb8","f676770a-dae8-4a20-babd-c75f9e7cd427","2025-08-24 03:52:33.636",6240,"SUSPECT VEHICLE"
"e348fc28-541c-4902-ac74-f3c9f549588d","f676770a-dae8-4a20-babd-c75f9e7cd427","2025-08-24 04:19:11.283",6240,"SUSPECT VEHICLE"
"3c0b8739-f1da-4c79-a203-45e0f0e5d501","f676770a-dae8-4a20-babd-c75f9e7cd427","2025-08-24 06:26:45.768",6240,"SUSPECT VEHICLE"
"570e5b0c-a5d0-42f9-83be-7853e2c00ebb","f676770a-dae8-4a20-babd-c75f9e7cd427","2025-08-24 07:45:40.396",6240,"SUSPECT VEHICLE"
"c0e8d135-101c-4a6b-b63a-f62c03afc7d4","f676770a-dae8-4a20-babd-c75f9e7cd427","2025-08-24 07:49:13.118",6240,"STOLEN"
"00946afe-88da-4735-829b-18e4aaa28f8f","f676770a-dae8-4a20-babd-c75f9e7cd427","2025-08-24 09:19:37.416",87556,"duii"
"3fb05781-33e1-4e13-b0e9-aac02c6af2f9","6d2d86c1-2a38-4fa2-ace4-f91f1c6b8b57","2025-08-24 10:00:44.381",6240,"stolen"
"3deb1fd9-d90d-44cb-8ca0-504df30ea9da","f676770a-dae8-4a20-babd-c75f9e7cd427","2025-08-24 10:01:34.081",87556,"SUSPECT VEHICLE"
"9f307c2d-a0e0-46e5-9e57-ff09d386e003","f676770a-dae8-4a20-babd-c75f9e7cd427","2025-08-24 15:00:02.590",87557,"SUSPECT VEHICLE"
"2b5420a8-1629-4a70-b049-15f8d8f2b463","865aaa25-37fd-44f2-8f3d-19f07c199275","2025-08-24 19:59:34.694",6240,"uuv"
"871bc0f1-45fd-41d5-b5d9-a8484cabb0c3","60e012f5-7340-49d4-aa4e-6a68be107dcf","2025-08-25 07:50:37.660",6240,"2505660"
"bcd3c3c0-9c74-48ad-8a92-2a224e8e62ec","afc40c1e-180f-45f1-9033-ad9f7b06ef6c","2025-08-25 08:18:45.959",6240,"theft"
"bda6cec4-c5e1-49be-bb9b-2939ed7a1632","afc40c1e-180f-45f1-9033-ad9f7b06ef6c","2025-08-25 09:02:23.647",6240,"theft 1"
"25101582-8f5c-454b-a122-8c0ba3d6233d","afc40c1e-180f-45f1-9033-ad9f7b06ef6c","2025-08-25 09:38:27.165",30,"theft"
"57bddec6-4ff4-4dfc-a3a3-122ded51c0c5","0e8ecca7-b160-48c7-a4b5-40e903392e23","2025-08-25 15:37:46.066",6240,"Active ATL"
"b01c1458-1490-4e88-9499-b6d52b50d1a8","fb7d1ae3-db8c-4617-861d-2cf9a117f605","2025-08-25 16:25:10.009",87665,"pub ind"
"23c5c913-caeb-419b-b0f5-f980c98298e0","65e0d73f-b28f-4340-9e12-36a28757d541","2025-08-26 17:09:48.667",0,"theft"
"63af8c7a-7120-4d77-842e-379f776f164d","65e0d73f-b28f-4340-9e12-36a28757d541","2025-08-26 17:10:30.304",6240,"assault"
"9ceb516d-1211-469e-a891-01be051ead5d","fb7d1ae3-db8c-4617-861d-2cf9a117f605","2025-08-26 22:49:34.680",6242,"DA inv"
"ff324789-ec4b-4f82-858d-8ac6240a68f0","d6f7ed99-b681-4ed0-b468-5b0c109603c9","2025-08-27 16:22:37.100",6242,"SUSPECT VEH"
"8b167244-7c24-4f15-8283-c7edbd15332b","65e0d73f-b28f-4340-9e12-36a28757d541","2025-08-27 16:50:02.153",6242,"theft"
"d9b0f190-fe90-4cc1-8ee5-404357264e54","fbfa025f-202c-4c60-ae95-9396fc290dd5","2025-08-27 18:17:24.934",6242,"investigation"
"1265a835-4df2-48c1-9b58-aa74b7f46ca0","cf20f9c8-a941-45d6-9b26-2e06938f66f6","2025-08-28 00:12:17.290",6243,"investigative"
"8d7d5013-5a03-4e75-ad73-54ea157a189e","cf20f9c8-a941-45d6-9b26-2e06938f66f6","2025-08-28 17:28:44.589",6245,"invesigative"
"30abfd63-f339-47e1-8e40-e4c0fca5dd4e","dd5359fa-ec3a-4655-9dfa-39e6335223fc","2025-08-28 17:46:13.140",6245,"investigative"
"1ceb875c-01f1-4144-b4a4-25fa95c81167","cf20f9c8-a941-45d6-9b26-2e06938f66f6","2025-08-28 18:00:30.426",6247,"invesigative"
"ddf79ff9-fe26-4475-90ab-72c0f9ec02d5","fbfa025f-202c-4c60-ae95-9396fc290dd5","2025-08-28 19:02:05.467",6247,"investigation"
"3a26e327-2659-429f-9fe7-85292fd53f94","cf20f9c8-a941-45d6-9b26-2e06938f66f6","2025-08-28 19:08:04.013",6247,"invesigative"
"64c2536c-64d6-4443-994c-726875a6b387","fb7d1ae3-db8c-4617-861d-2cf9a117f605","2025-08-28 20:17:03.501",89597,"uuv"
"e86c12cb-bf0c-427a-9655-1c69fc8d9cb8","cf20f9c8-a941-45d6-9b26-2e06938f66f6","2025-08-28 23:32:47.026",6247,"invesigative"
"b0333ace-a49f-422b-b534-6fa8a356e0b3","cf20f9c8-a941-45d6-9b26-2e06938f66f6","2025-08-29 00:07:40.068",6247,"invesigative"
"442afe8b-7c5d-45b8-b086-1834112f99b0","2d4eebd6-c6c8-4d60-8a59-3a622105992c","2025-08-29 12:33:24.249",6247,"VA133G"
"484d7361-168c-4047-af87-7d4b2cbc3b48","fb7d1ae3-db8c-4617-861d-2cf9a117f605","2025-08-29 18:56:44.113",88161,"uuv"
"44acc374-f818-4916-90bc-6c132e727c67","f676770a-dae8-4a20-babd-c75f9e7cd427","2025-08-30 05:26:34.833",88193,"stolen"
"53b903be-e72c-4a1b-99f1-f34948683104","afc40c1e-180f-45f1-9033-ad9f7b06ef6c","2025-08-30 06:44:53.774",6247,"hit and run"
"b3be1c2b-f572-48cf-96d8-d5b7d3e50341","afc40c1e-180f-45f1-9033-ad9f7b06ef6c","2025-08-30 08:17:33.775",6247,"hit and run"
"6908741f-0500-490a-8dbd-8c98d6114dee","f676770a-dae8-4a20-babd-c75f9e7cd427","2025-08-30 10:07:14.109",88195,"SUSPECT VEHICLE"
"e7e8b201-5392-4a75-a596-06fa4cf41deb","f676770a-dae8-4a20-babd-c75f9e7cd427","2025-08-30 11:00:19.622",6247,"SUSPECT VEHICLE"
"dca843f4-d4a4-4601-b817-c0c16549096a","865aaa25-37fd-44f2-8f3d-19f07c199275","2025-08-30 15:27:53.665",6247,"stolen veh"
"714e7c6c-c313-40e3-859a-5233eae062be","865aaa25-37fd-44f2-8f3d-19f07c199275","2025-08-30 18:50:59.020",6247,"stolen veh"
"49897f20-9315-42e9-b9dc-6b6bccb44671","f676770a-dae8-4a20-babd-c75f9e7cd427","2025-08-31 02:00:18.683",6247,"Stolen vehicle"
"674eb0de-1853-4295-8895-11a297546c64","f676770a-dae8-4a20-babd-c75f9e7cd427","2025-08-31 07:02:01.669",6247,"suspect"
"0e6d8dd8-4baa-4314-a7d6-62b6b9d01547","6d2d86c1-2a38-4fa2-ace4-f91f1c6b8b57","2025-08-31 07:56:32.769",6247,"stolen"
"13e34163-1857-4482-abea-facfe6d95dda","f676770a-dae8-4a20-babd-c75f9e7cd427","2025-08-31 12:42:02.399",6247,"suspect"
"40d52f80-e642-44c7-847c-ab625d72bfd8","60e012f5-7340-49d4-aa4e-6a68be107dcf","2025-08-31 13:17:43.899",6247,"test"
"05a27f8b-b6e8-4159-a9f6-ddbc2ca19612","865aaa25-37fd-44f2-8f3d-19f07c199275","2025-08-31 14:10:27.453",6247,"UUV"
"1bdf3973-a1bc-4e75-8f27-f882fc8754fc","865aaa25-37fd-44f2-8f3d-19f07c199275","2025-08-31 15:40:34.785",6247,"UUV"
"be278e15-0865-481f-afc0-b356cf45ca6b","f676770a-dae8-4a20-babd-c75f9e7cd427","2025-08-31 15:59:42.557",0,"Hit and run"
"1e489d07-dab7-4a7c-b1a8-2991de6b6ed7","f676770a-dae8-4a20-babd-c75f9e7cd427","2025-08-31 16:00:07.910",6247,"Hit and run"
"31496210-8051-4985-8bce-53f08381ca6b","01b52c2e-4688-4795-99d0-73acf2527701","2025-08-31 16:07:27.725",1,"lcso hr"
"a8db9585-f02c-4c71-8b6c-cf976c7e2458","865aaa25-37fd-44f2-8f3d-19f07c199275","2025-08-31 19:26:45.726",6247,"UUV"
"d49289ed-84a5-43d4-9ed0-d62927a01705","865aaa25-37fd-44f2-8f3d-19f07c199275","2025-08-31 20:54:17.985",6247,"UUV"
"a7a0e5ff-f683-4dfe-b7cd-6599fedf065b","865aaa25-37fd-44f2-8f3d-19f07c199275","2025-08-31 21:28:51.415",6247,"UUV"
"bf0930af-21e2-42a4-848e-acf325795312","f676770a-dae8-4a20-babd-c75f9e7cd427","2025-09-01 15:17:17.781",1,"hit and run"
"5e77c468-01c3-4ee2-a4ac-1013121ef3a6","f676770a-dae8-4a20-babd-c75f9e7cd427","2025-09-01 15:37:06.860",6247,"suspect"
"94d6a4f4-1445-4828-b12a-32fd38de751d","154e5978-8ec6-4f0d-99c3-4582997c91bb","2025-09-02 01:25:51.390",0,"Stolen vehicle"
"ee7884c8-85ac-4451-8b09-edfc39319a94","154e5978-8ec6-4f0d-99c3-4582997c91bb","2025-09-02 01:27:33.639",0,"stolen"
"c28af5dc-06d1-4432-89ac-b83cc48b004f","154e5978-8ec6-4f0d-99c3-4582997c91bb","2025-09-02 03:16:17.262",0,"Stolen vehicle"
"a58ffd85-99c2-445f-9d16-dfcdb44a8399","154e5978-8ec6-4f0d-99c3-4582997c91bb","2025-09-02 03:17:54.081",0,"stolen plate"
"ad41ab7e-56bf-4d3d-8dd4-9776abb9e77f","154e5978-8ec6-4f0d-99c3-4582997c91bb","2025-09-02 03:19:17.943",88262,"test"
"f7d40eee-5647-46f8-83fc-94ad8a2c453d","f676770a-dae8-4a20-babd-c75f9e7cd427","2025-09-02 05:01:57.187",88262,"stolen"
"57bd2602-2678-4fd9-ba6b-2138d827d7e3","f676770a-dae8-4a20-babd-c75f9e7cd427","2025-09-02 08:57:06.125",88262,"lcso case"
"252e0831-87c6-43d4-864c-a376440e522c","162b0343-b201-4005-b31c-0555bcc14d1c","2025-09-02 09:00:37.782",88262,"atl"
"b9b276eb-ce7d-40e2-ba59-7efbaa265adf","f676770a-dae8-4a20-babd-c75f9e7cd427","2025-09-02 09:02:49.447",88262,"lcso case"
"432ef5f4-40e7-42e1-a600-a699d4533cec","f676770a-dae8-4a20-babd-c75f9e7cd427","2025-09-02 09:13:52.382",6247,"suspect"
"63694ff0-ff43-4721-b53b-7b63cc92d709","60e012f5-7340-49d4-aa4e-6a68be107dcf","2025-09-02 09:44:11.084",6247,"1S21"
"791a4148-3823-457f-9fce-d91b2736d4fb","154e5978-8ec6-4f0d-99c3-4582997c91bb","2025-09-02 09:52:23.380",88262,"Stolen vehicle"
"840e6d3f-3163-4ce4-b878-5d270cbaa0fa","154e5978-8ec6-4f0d-99c3-4582997c91bb","2025-09-02 09:54:04.889",88262,"test"
"5406586d-9adf-47c4-b271-4d7e5194470f","60e012f5-7340-49d4-aa4e-6a68be107dcf","2025-09-02 10:58:46.074",6247,"1S21"
"463c0e15-beb7-4dc3-bb67-80022322ced7","f676770a-dae8-4a20-babd-c75f9e7cd427","2025-09-02 13:05:02.331",6249,"suspect"
"d1750ea5-f78a-476d-b181-b752c0aba3dd","fb7d1ae3-db8c-4617-861d-2cf9a117f605","2025-09-02 15:50:06.717",160,"theft"
"2dc38dcc-68e9-43a3-9317-0115beb7c814","fb7d1ae3-db8c-4617-861d-2cf9a117f605","2025-09-02 16:10:35.115",6249,"theft"
"0952f6ee-7484-43e1-b30f-434462823a3f","fb7d1ae3-db8c-4617-861d-2cf9a117f605","2025-09-02 17:19:34.719",88279,"uuv"
"aeeae01f-6a34-4b03-a234-eec7500f5a14","fb7d1ae3-db8c-4617-861d-2cf9a117f605","2025-09-02 17:25:17.855",203,"theft"
"74a0573b-ae72-4059-8ab2-dc1c0a08c720","fb7d1ae3-db8c-4617-861d-2cf9a117f605","2025-09-02 18:09:30.116",203,"theft"
"c36ecdc3-565b-40e9-81c8-3b2e272c1789","cf20f9c8-a941-45d6-9b26-2e06938f66f6","2025-09-02 21:10:12.388",6249,"inestigative"
"d580ea34-3c46-4aba-9ee2-a043f480cb5d","cf20f9c8-a941-45d6-9b26-2e06938f66f6","2025-09-03 00:02:26.478",6249,"inestigative"
"2179bafe-dda5-480c-a4c5-527b72e55261","162b0343-b201-4005-b31c-0555bcc14d1c","2025-09-03 02:47:46.085",88337,"ATL"
"f5a28484-8f3f-4cab-9091-226ec110759e","154e5978-8ec6-4f0d-99c3-4582997c91bb","2025-09-03 02:51:01.736",88337,"SUSPECT VEHICLE"
"ffc804f3-9395-4330-892e-dc66c7581668","154e5978-8ec6-4f0d-99c3-4582997c91bb","2025-09-03 03:03:06.384",88337,"SUSPECT VEHICLE"
"6ad22657-9817-436f-9ae0-797830131262","162b0343-b201-4005-b31c-0555bcc14d1c","2025-09-03 03:45:49.487",88337,"ATL"
"5843e7a3-368c-4d3f-b733-3aa4074b916a","154e5978-8ec6-4f0d-99c3-4582997c91bb","2025-09-03 04:46:40.903",88337,"SUSPECT VEHICLE"
"933fc77e-839a-4bd8-8ae3-ed22cf55a223","162b0343-b201-4005-b31c-0555bcc14d1c","2025-09-03 04:49:55.159",88337,"ATL"
"32b004b9-60b8-4351-a970-b5864521877f","162b0343-b201-4005-b31c-0555bcc14d1c","2025-09-03 05:01:58.314",88337,"ATL"
"84ef3e2c-f958-4aed-9e2d-f6d8632b4391","154e5978-8ec6-4f0d-99c3-4582997c91bb","2025-09-03 05:23:19.410",88337,"SUSPECT VEHICLE"
"231ba4fd-559c-45b5-b6bc-99778280aa5d","154e5978-8ec6-4f0d-99c3-4582997c91bb","2025-09-03 06:18:10.533",88337,"SUSPECT VEHICLE"
"1ebd3234-f232-4914-a784-f2f68690fa48","cf20f9c8-a941-45d6-9b26-2e06938f66f6","2025-09-03 18:17:25.273",6253,"ivestigative"
"1c673201-80b7-4ada-93af-9b17c4b108f5","cf20f9c8-a941-45d6-9b26-2e06938f66f6","2025-09-03 18:56:03.666",6253,"investigative"
"8762a1d7-f828-4c23-96c6-0b6f24929e83","cf20f9c8-a941-45d6-9b26-2e06938f66f6","2025-09-03 19:38:45.927",6253,"investigative"
"f9eee558-d4ed-43c1-be13-78b292ac0b60","fb7d1ae3-db8c-4617-861d-2cf9a117f605","2025-09-03 23:20:58.442",88590,"uuv"
"2ee45e71-1203-4d4f-bd7e-3e2a9aaa1f17","fc8596ff-2949-4b4b-bb52-87aa9a1bd0e6","2025-09-03 23:21:14.294",6253,"stolen"
"06390688-530e-43f8-8350-0930d52c3307","162b0343-b201-4005-b31c-0555bcc14d1c","2025-09-03 23:21:37.683",88592,"ATL"
"7eb695ca-3304-43fb-9aa5-54dfb98925b5","cf20f9c8-a941-45d6-9b26-2e06938f66f6","2025-09-03 23:37:47.537",6253,"investigative"
"36d0b4cd-baee-42c6-9b9b-c39706dc4445","cf20f9c8-a941-45d6-9b26-2e06938f66f6","2025-09-03 23:42:03.727",6253,"investigativ"
"65c92a23-7e32-4316-93f1-e20b2645dac5","162b0343-b201-4005-b31c-0555bcc14d1c","2025-09-04 00:09:00.439",88592,"ATL"
"30fcf0d3-fd45-4ad4-9ecf-da1457707fb3","fc8596ff-2949-4b4b-bb52-87aa9a1bd0e6","2025-09-04 00:31:59.701",6253,"stolen"
"ef37858d-f1bf-46a8-a284-402d3f91fe35","cf20f9c8-a941-45d6-9b26-2e06938f66f6","2025-09-04 01:09:03.231",6253,"investigativ"
"65e850ed-6e92-498e-9fee-8ada0227a7d3","cf20f9c8-a941-45d6-9b26-2e06938f66f6","2025-09-04 01:09:35.780",6253,"investigative"
"622c3e73-47ce-4de0-bf1b-345a68fd0551","cf20f9c8-a941-45d6-9b26-2e06938f66f6","2025-09-04 02:31:40.288",6253,"investigative"
"b3e12708-cfd3-44ea-8520-da12af61e107","cf20f9c8-a941-45d6-9b26-2e06938f66f6","2025-09-04 03:21:16.702",6253,"investigativ"
"54aeabc6-20e0-4270-8a83-06ba612cff8c","cf20f9c8-a941-45d6-9b26-2e06938f66f6","2025-09-04 03:22:42.691",6253,"investigative"
"c24dae35-b494-4d17-876c-5673c5f4858c","fc8596ff-2949-4b4b-bb52-87aa9a1bd0e6","2025-09-04 04:05:16.967",6253,"stolen"
"ca461a73-94df-410c-b10b-f8c2be81ea26","cf20f9c8-a941-45d6-9b26-2e06938f66f6","2025-09-04 04:49:34.644",6253,"investigative"
"0880a05b-0fe1-4e9e-a825-922eecf47276","fc8596ff-2949-4b4b-bb52-87aa9a1bd0e6","2025-09-04 04:51:50.086",6253,"hit and run"
"8095a2f0-f91b-4ace-9feb-ccf01f04a387","cf20f9c8-a941-45d6-9b26-2e06938f66f6","2025-09-04 05:35:34.002",6253,"investigative"
"3caf9552-03b6-4a89-87bf-413718f10d56","cf20f9c8-a941-45d6-9b26-2e06938f66f6","2025-09-04 05:36:39.856",6253,"investigativ"
"248cf76a-a70a-46ea-8491-f2c425f1361f","fc8596ff-2949-4b4b-bb52-87aa9a1bd0e6","2025-09-04 05:36:52.011",6253,"pursuit"
"28b1dbfd-3a59-4e5a-ad88-b885f00c9cb8","cf20f9c8-a941-45d6-9b26-2e06938f66f6","2025-09-04 06:27:40.098",6253,"investigativ"
"9e6bf04f-06f2-4f2e-aff8-646e54d311d3","cf20f9c8-a941-45d6-9b26-2e06938f66f6","2025-09-04 15:08:17.175",6253,"investigative"
"c0a85dd5-a4c6-4577-9d61-10b34e986231","0e8ecca7-b160-48c7-a4b5-40e903392e23","2025-09-04 15:57:03.173",6253,"FELONY DWS"
"eebc8fb4-caa2-4692-913c-c821f3ff9378","fb7d1ae3-db8c-4617-861d-2cf9a117f605","2025-09-04 16:12:50.750",88682,"uuv"
"deb64e5e-0690-4b10-b929-d4d4c9fc6c25","cf20f9c8-a941-45d6-9b26-2e06938f66f6","2025-09-04 16:25:29.267",6253,"invetigative"
"2432df29-991f-4b01-b23f-48b5d7b17071","dd5359fa-ec3a-4655-9dfa-39e6335223fc","2025-09-04 16:57:36.677",0,"STOLEN VEH"
"6414027e-3d16-40db-b546-5718b66a52be","865aaa25-37fd-44f2-8f3d-19f07c199275","2025-09-04 17:00:36.020",6253,"stolen veh"
"4674bfad-3110-4877-9eb0-ba1cab19cfac","dd5359fa-ec3a-4655-9dfa-39e6335223fc","2025-09-04 17:00:49.615",135,"STOLEN VEH"
"74572c78-de20-41c8-ac2a-e3691c2a5d65","0e8ecca7-b160-48c7-a4b5-40e903392e23","2025-09-04 17:05:29.447",6253,"stolen vehicle"
"1ec1392a-e7b4-438a-b85a-6ed545735340","cf20f9c8-a941-45d6-9b26-2e06938f66f6","2025-09-04 17:05:49.437",6253,"invetigative"
"71cf3096-9cca-4f30-a014-6a1c476468aa","fb7d1ae3-db8c-4617-861d-2cf9a117f605","2025-09-04 17:13:04.421",88709,"uuv"
"fa2c041d-64a5-495b-aa45-ff6d7153e779","0e8ecca7-b160-48c7-a4b5-40e903392e23","2025-09-04 17:32:09.250",6253,"ATL FELONY DWS"
"27fe8a4d-943b-4b05-a7b6-9ed44839442d","0e8ecca7-b160-48c7-a4b5-40e903392e23","2025-09-04 17:52:57.198",6253,"STOLEN VEHICLE ATL"
"54323fae-960e-4729-8fc7-aa82d84355a1","cf20f9c8-a941-45d6-9b26-2e06938f66f6","2025-09-04 18:01:13.736",6253,"invetigative"
"638e2316-45ad-458a-9887-a63d657ce694","0e8ecca7-b160-48c7-a4b5-40e903392e23","2025-09-04 18:06:03.715",6253,"STOLEN VEHICLE ATL"
"7b1d0e2a-dec1-4646-bb00-c6c0b6b82ef6","865aaa25-37fd-44f2-8f3d-19f07c199275","2025-09-04 18:39:59.751",6253,"stolen veh"
"3680a492-f8ba-4fb3-8f16-0b4924ad0936","fb7d1ae3-db8c-4617-861d-2cf9a117f605","2025-09-04 18:41:28.021",6253,"UUV"
"0291beb9-389f-4fa6-96e3-f2084ad72ce3","cf20f9c8-a941-45d6-9b26-2e06938f66f6","2025-09-04 19:04:38.625",6253,"invetigative"
"2cf02976-5540-4ffc-adeb-4c1e478f43d9","0e8ecca7-b160-48c7-a4b5-40e903392e23","2025-09-04 19:09:53.190",6253,"STOLEN VEHICLE ATL"
"fc18c006-38f6-4e3f-9d14-fbdc2ce6e694","865aaa25-37fd-44f2-8f3d-19f07c199275","2025-09-04 19:26:10.651",6253,"stolen veh"
"e1e65260-25e1-432f-82ba-01b9541bec25","865aaa25-37fd-44f2-8f3d-19f07c199275","2025-09-04 20:02:07.616",6253,"stolen veh"
"1d39be3e-175f-449a-b368-e50adbbb64f4","cf20f9c8-a941-45d6-9b26-2e06938f66f6","2025-09-04 20:39:45.629",6253,"invetigative"
"3d877a2e-ac49-40cf-b2bc-b80809eafe59","865aaa25-37fd-44f2-8f3d-19f07c199275","2025-09-04 21:27:59.472",6253,"stolen veh"
"eeb376d8-0c22-4cce-aea3-21df70bcdbe7","cf20f9c8-a941-45d6-9b26-2e06938f66f6","2025-09-04 21:48:37.699",6253,"invetigative"
"60cd739f-9ee3-430c-8da6-c28c750aa861","cf20f9c8-a941-45d6-9b26-2e06938f66f6","2025-09-04 22:22:00.304",6253,"invetigative"
"56424d45-ad85-4d65-8508-fbc4340562ee","fb7d1ae3-db8c-4617-861d-2cf9a117f605","2025-09-04 22:44:31.534",90330,"uuv"
"f27545fb-0faa-4919-b136-9fca1e5701da","fc8596ff-2949-4b4b-bb52-87aa9a1bd0e6","2025-09-04 23:35:09.049",6253,"2505929"
"7cb7fff3-4b88-4a31-b1ac-26d7b01ec93c","fc8596ff-2949-4b4b-bb52-87aa9a1bd0e6","2025-09-04 23:38:45.306",6253,"RECKLESS DRIVER"
"f9316ae7-adf8-42c2-87fb-4768724d4d22","fb7d1ae3-db8c-4617-861d-2cf9a117f605","2025-09-05 00:53:20.326",6253,"Susp veh"
"c12089ff-9fd2-4dff-946f-e1912a980c42","0e8ecca7-b160-48c7-a4b5-40e903392e23","2025-09-05 01:19:32.968",6253,"STOLEN VEHICLE ATL"
"bbc97006-aaf3-458b-ae38-90996f8bea86","0e8ecca7-b160-48c7-a4b5-40e903392e23","2025-09-05 01:20:50.579",6253,"SEX CRIME BOLO"
"c09d6bbd-5f33-4197-a5ce-0121b728580b","cf20f9c8-a941-45d6-9b26-2e06938f66f6","2025-09-05 01:48:37.776",6253,"invetigative"
"ba0e97d8-776a-4aae-89d9-fcc9797b9909","2d4eebd6-c6c8-4d60-8a59-3a622105992c","2025-09-05 14:45:16.969",6253,"072dua"
"cd5d5e2e-6f27-4cfc-b27a-0f616e3ad715","2d4eebd6-c6c8-4d60-8a59-3a622105992c","2025-09-05 14:45:25.758",6253,"072DUA"
"52d5652a-8d5a-4eda-b8e6-b893ec704244","0e8ecca7-b160-48c7-a4b5-40e903392e23","2025-09-05 15:56:01.594",6253,"STOLEN ATL"
"cac9f3c6-a87f-4feb-b086-9c8dcf9f60bf","fb7d1ae3-db8c-4617-861d-2cf9a117f605","2025-09-05 16:07:02.345",90409,"uuv"
"e2b234be-2651-40b7-8301-f27116967c0e","2d4eebd6-c6c8-4d60-8a59-3a622105992c","2025-09-05 17:18:30.033",6253,"185TWW"
"3a312b53-0b63-46a8-a6d7-5b2371de2e78","fb7d1ae3-db8c-4617-861d-2cf9a117f605","2025-09-05 20:53:05.279",90497,"uuv"
"25090e80-38af-4c17-8984-2ef1f0807ddb","154e5978-8ec6-4f0d-99c3-4582997c91bb","2025-09-06 05:15:22.380",6257,"SUSPECT VEHICLE"
"48dc6b40-5f66-40e5-80d7-7f36c4eab8d7","f676770a-dae8-4a20-babd-c75f9e7cd427","2025-09-07 01:43:12.467",90552,"suspect"
"1c690599-cca4-4f90-9fb0-e391b19d2f78","f676770a-dae8-4a20-babd-c75f9e7cd427","2025-09-07 07:08:48.951",90552,"suspect"
"8d7af02f-b6b1-4a1b-b081-793d8b257cd4","f676770a-dae8-4a20-babd-c75f9e7cd427","2025-09-08 04:09:07.659",6257,"STOLEN"
"f1034bfe-d312-4967-b0af-9d1af6fe6b08","fb7d1ae3-db8c-4617-861d-2cf9a117f605","2025-09-08 16:33:26.042",90593,"uuv"
"0519aa1f-5bf1-45a5-9f56-652ebc20fc2d","fb7d1ae3-db8c-4617-861d-2cf9a117f605","2025-09-08 20:01:16.506",90612,"stolen plate"
"28c2d386-cc6c-4a18-9010-759aa93da319","fbfa025f-202c-4c60-ae95-9396fc290dd5","2025-09-08 20:32:42.026",6252,"investigation"
"dd66ed8e-f5be-4395-967d-26638bfc2c12","fbfa025f-202c-4c60-ae95-9396fc290dd5","2025-09-08 22:46:08.097",6252,"investigation"
"c6a6508c-a06b-4db3-9c1d-6893fb943b48","fb7d1ae3-db8c-4617-861d-2cf9a117f605","2025-09-08 22:52:04.558",6252,"stolen veh"
"9012b73b-785c-44ee-864a-dc5369caed08","162b0343-b201-4005-b31c-0555bcc14d1c","2025-09-08 22:58:45.948",90511,"ATL"
"3211c96e-4b6b-4347-9028-10978c4c3343","fb7d1ae3-db8c-4617-861d-2cf9a117f605","2025-09-08 23:06:18.412",6252,"Stolen veh"
"c1c5b9dd-09ff-455a-8355-3ef03b08dd81","fbfa025f-202c-4c60-ae95-9396fc290dd5","2025-09-08 23:13:29.037",6252,"investigation"
"b37e744c-5cc9-40ca-b5c5-dfad92e222b9","154e5978-8ec6-4f0d-99c3-4582997c91bb","2025-09-09 00:02:35.746",6252,"SUSPECT VEHICLE"
"6bd9edc6-6552-4be6-a32b-02e3b063826d","154e5978-8ec6-4f0d-99c3-4582997c91bb","2025-09-09 04:57:57.025",6252,"SUSPECT VEHICLE"
"6f826252-2744-476f-a985-0eb16cfda9a6","154e5978-8ec6-4f0d-99c3-4582997c91bb","2025-09-09 05:29:56.483",6252,"SUSPECT VEHICLE"
"4f355877-f5ff-432b-a93c-fd31bbe64126","154e5978-8ec6-4f0d-99c3-4582997c91bb","2025-09-09 08:39:28.311",6252,"SUSPECT VEHICLE"
"fd29d808-0fc9-4bfb-8fc1-2530a1ada450","6d2d86c1-2a38-4fa2-ace4-f91f1c6b8b57","2025-09-09 08:43:01.019",6252,"stolen"
"04ce7c19-7d0b-4288-bce8-956a4b571ca8","f676770a-dae8-4a20-babd-c75f9e7cd427","2025-09-09 09:25:28.572",6252,"suspect"
"46c6d1bb-1b16-414a-8567-b04c00581b34","154e5978-8ec6-4f0d-99c3-4582997c91bb","2025-09-09 11:05:07.829",6252,"SUSPECT VEHICLE"
"d12beed1-c20a-40d7-9955-0a210c085833","fb7d1ae3-db8c-4617-861d-2cf9a117f605","2025-09-09 15:24:58.268",6252,"stolen veh"
"d055d93c-b7b4-4e15-94e3-187865b4e4ca","fb7d1ae3-db8c-4617-861d-2cf9a117f605","2025-09-09 21:03:38.870",6138,"robbery"
"573241c4-4fd0-4046-b31b-ab04d9e65360","5099fed4-b7f7-40de-b64e-73b9aa096b84","2025-09-09 21:43:09.399",6138,"robbery"
"7b3aac63-ec59-4a2f-b6ef-2574ecb64803","fb7d1ae3-db8c-4617-861d-2cf9a117f605","2025-09-09 22:01:17.427",6138,"robbery"
"d134da32-525d-4de9-a2e6-648ecaa98a15","fb7d1ae3-db8c-4617-861d-2cf9a117f605","2025-09-09 23:11:56.072",6138,"robbery"
"a3609426-df4d-4ca4-92bc-5421c6ca8ed5","fbfa025f-202c-4c60-ae95-9396fc290dd5","2025-09-09 23:23:02.533",6138,"investigation"
"3598e6fe-9664-4a10-8d93-a204b8cdb47b","f676770a-dae8-4a20-babd-c75f9e7cd427","2025-09-10 00:48:48.726",6138,"suspect"
"68caaff0-3cdc-43e9-8dbd-06bce20d9c51","f676770a-dae8-4a20-babd-c75f9e7cd427","2025-09-10 01:19:52.601",6138,"suspect"
"83d5f91f-cbeb-4872-903e-8f6d9c1ac0c7","154e5978-8ec6-4f0d-99c3-4582997c91bb","2025-09-10 02:52:27.061",6138,"SUSPECT VEHICLE"
"d635803e-fefd-4061-bb3a-fabf91b49277","fb7d1ae3-db8c-4617-861d-2cf9a117f605","2025-09-10 03:13:59.022",6138,"Robbery"
"7ce86f9d-ca3c-487e-8094-6884d6dfe5f2","f676770a-dae8-4a20-babd-c75f9e7cd427","2025-09-10 04:25:21.641",6138,"suspect"
"76c99f65-3a4c-4436-8b1f-e1ba25211111","f676770a-dae8-4a20-babd-c75f9e7cd427","2025-09-10 05:35:30.582",6138,"SUSPECT VEHICLE"
"b5677bd9-f4de-4387-b8a6-7329470bce04","f676770a-dae8-4a20-babd-c75f9e7cd427","2025-09-10 05:39:52.009",6138,"suspect"
"f785c02c-ebd3-4185-9835-1589d2e6a9b0","f676770a-dae8-4a20-babd-c75f9e7cd427","2025-09-10 06:10:26.873",6138,"suspect"
"1ef28391-66c3-4ec1-b8c4-a4e927654b5b","154e5978-8ec6-4f0d-99c3-4582997c91bb","2025-09-10 08:04:02.745",89830,"Stolen vehicle"
"5c420413-7b22-4175-b5ff-744c6efe2cc5","fb7d1ae3-db8c-4617-861d-2cf9a117f605","2025-09-10 15:28:14.725",6136,"armed subj"
"dad0e2e2-3412-41af-8a19-a9fd5d2c4a6e","fb7d1ae3-db8c-4617-861d-2cf9a117f605","2025-09-10 17:26:58.489",6141,"robbery"
"765e8645-6379-4dec-9cd6-aea7ece98cc5","fb7d1ae3-db8c-4617-861d-2cf9a117f605","2025-09-10 18:17:13.792",134,"robbery"
"3ac509eb-2128-440e-8ef4-98d51523b1ad","65e0d73f-b28f-4340-9e12-36a28757d541","2025-09-10 21:31:01.901",6138,"theft"
"c71cff4d-1bbb-4530-8b86-a39e45380c1e","154e5978-8ec6-4f0d-99c3-4582997c91bb","2025-09-11 07:12:47.846",6139,"SUSPECT VEHICLE"
"454f78ee-fdbd-4d92-8590-8f3ce0dd08d0","154e5978-8ec6-4f0d-99c3-4582997c91bb","2025-09-11 10:16:45.112",6139,"SUSPECT VEHICLE"
"ee4024c6-b42b-4d4e-8eb4-9c11d29d4b1c","fb7d1ae3-db8c-4617-861d-2cf9a117f605","2025-09-11 15:38:48.978",1,"robbery"
"412d9f1d-45c6-4a91-9205-6686135ca9c0","fb7d1ae3-db8c-4617-861d-2cf9a117f605","2025-09-11 17:54:44.983",7046,"dispute"
"80bf16d8-fcad-4eed-b3f4-1e622012907d","fb7d1ae3-db8c-4617-861d-2cf9a117f605","2025-09-11 18:09:40.024",7046,"dispute"
"e4c9d478-3981-40fa-8227-f86c901cc8c1","fb7d1ae3-db8c-4617-861d-2cf9a117f605","2025-09-11 20:28:11.851",3,"dispute"
"960c951f-aebb-4195-bb09-e89a104124b7","fc8596ff-2949-4b4b-bb52-87aa9a1bd0e6","2025-09-12 03:54:01.298",7042,"VANCOUVER STABBING"
"c4a07f65-491b-4923-bef6-8a04eba0df50","154e5978-8ec6-4f0d-99c3-4582997c91bb","2025-09-12 06:23:05.507",7042,"SUSPECT VEHICLE"
"86029734-e029-4071-b353-3569cf72e8d5","fc8596ff-2949-4b4b-bb52-87aa9a1bd0e6","2025-09-12 08:59:25.969",7042,"VANCOUVER STABBING"
"ba7f98b1-7492-4cd4-af66-c73c79784418","fb7d1ae3-db8c-4617-861d-2cf9a117f605","2025-09-12 14:51:47.924",0,"uuv"
"63c745e4-258c-4f80-86f2-70ee0fa35174","fb7d1ae3-db8c-4617-861d-2cf9a117f605","2025-09-12 22:37:01.605",7041,"theft"
"eb3f1bab-f375-4c1d-bb51-f31056a4a812","fb7d1ae3-db8c-4617-861d-2cf9a117f605","2025-09-12 22:42:55.761",7041,"stolen plate"
"cca9471d-1559-4aa2-9a06-5e26c9fc690e","fc8596ff-2949-4b4b-bb52-87aa9a1bd0e6","2025-09-13 00:07:10.137",7041,"stolen plate"
"8b6da354-bca8-4409-b6f3-d81c41a7684f","154e5978-8ec6-4f0d-99c3-4582997c91bb","2025-09-13 16:19:30.181",7041,"SUSPECT VEHICLE"
"2bb321bc-77fa-4bae-a96c-e90f90ba9f29","154e5978-8ec6-4f0d-99c3-4582997c91bb","2025-09-13 19:14:37.687",7043,"SUSPECT VEHICLE"
"5a54bb53-5176-47a0-bb4f-1a85dfa78edc","ad0cce28-c2da-48f5-8a3d-0162e4753757","2025-09-14 06:02:54.708",7043,"Stolen Vehicle"
"546657cf-7ad6-4fdf-b1e5-1ecfdeacfda1","ad0cce28-c2da-48f5-8a3d-0162e4753757","2025-09-14 07:11:38.971",7043,"stolen vehicle"
"f11408fa-805b-48c8-8a2e-8ef070583bcd","6d2d86c1-2a38-4fa2-ace4-f91f1c6b8b57","2025-09-14 08:26:02.487",7043,"theft suspect"
"a9c6ebb2-4856-4092-b908-e7f2353a38c6","6d2d86c1-2a38-4fa2-ace4-f91f1c6b8b57","2025-09-14 08:27:23.606",7043,"stolen"
"b49b1b96-5858-4a05-b358-c71617961d72","ad0cce28-c2da-48f5-8a3d-0162e4753757","2025-09-14 09:07:25.244",7043,"stolen vehicle"
"2029119b-6505-4133-8452-6046abb5b56d","d6f7ed99-b681-4ed0-b468-5b0c109603c9","2025-09-14 09:49:45.712",7043,"ofcr oros"
"41847c71-d8ce-4e78-810b-15170713553f","d6f7ed99-b681-4ed0-b468-5b0c109603c9","2025-09-14 09:55:01.480",7043,"testing"
"54bba211-4209-4529-b8f4-b54b1ce364cd","d6f7ed99-b681-4ed0-b468-5b0c109603c9","2025-09-14 10:02:49.078",7043,"oros"
"ae0e7018-b889-4567-b96e-5678261b60a6","f676770a-dae8-4a20-babd-c75f9e7cd427","2025-09-15 03:57:19.493",7043,"STOLEN"
"df2bcb37-4145-42dc-8a48-ed4d9c52e399","ad0cce28-c2da-48f5-8a3d-0162e4753757","2025-09-15 07:09:30.071",7043,"stolen vehicle"
"2dc36ca9-9913-4d75-b33d-8cffa26974d1","f676770a-dae8-4a20-babd-c75f9e7cd427","2025-09-15 11:02:10.522",7043,"STOLEN"
"97ca6116-46a8-4548-bda0-ffe88b95f5a3","154e5978-8ec6-4f0d-99c3-4582997c91bb","2025-09-15 16:18:11.779",7043,"SUSPECT VEHICLE"
"390fec69-f261-47ca-bb24-d2715ec1f3e0","fb7d1ae3-db8c-4617-861d-2cf9a117f605","2025-09-15 17:56:39.135",7045,"stolen plate"
"e629c055-6085-47b2-9a0b-b20443f96a74","fb7d1ae3-db8c-4617-861d-2cf9a117f605","2025-09-15 17:56:57.982",7045,"uuv"
"1b3ad3be-8e7f-48bc-9608-945871eede23","fb7d1ae3-db8c-4617-861d-2cf9a117f605","2025-09-15 18:16:34.011",7045,"uuv"
"909c873b-481a-4f4d-afa0-aa11c5c578c6","65e0d73f-b28f-4340-9e12-36a28757d541","2025-09-15 20:54:37.671",7041,"theft"
"72e6be96-8d50-443a-9d9f-ef3afdd9a6f1","afc40c1e-180f-45f1-9033-ad9f7b06ef6c","2025-09-16 02:36:07.760",0,"uuv"
"3d64cd52-ea51-4644-8618-b6a2d3917d78","afc40c1e-180f-45f1-9033-ad9f7b06ef6c","2025-09-16 02:37:20.716",7042,"vro"
"ea93af43-40d4-4a30-832e-13e8a6e9d249","ad0cce28-c2da-48f5-8a3d-0162e4753757","2025-09-16 02:54:04.394",7056,"stolen vehicle"
"ec2f7afd-eac5-4889-bc4f-45ac206a1ef6","ad0cce28-c2da-48f5-8a3d-0162e4753757","2025-09-16 03:20:07.100",7056,"stolen vehicle"
"a78dd4db-4b87-4977-9af0-de02882b68d7","f676770a-dae8-4a20-babd-c75f9e7cd427","2025-09-16 04:28:50.334",7042,"missing person"
"285b84b1-72f8-47a5-9aa9-f7a135bd2176","5db0b69a-8401-464f-92fe-4364df6a2a82","2025-09-16 04:30:29.691",0,"MISSING JUVENILE"
"daafc75e-c5a4-41aa-b1aa-5cdcd91e318e","5db0b69a-8401-464f-92fe-4364df6a2a82","2025-09-16 04:30:58.280",7042,"MISSING JUV"
"56a111c2-2d82-403b-8a2f-eb9458440d7c","5db0b69a-8401-464f-92fe-4364df6a2a82","2025-09-16 05:16:42.648",7042,"MISSING JUV"
"ea1b139b-2c1d-4d17-a0a2-e3ad50ce8075","f676770a-dae8-4a20-babd-c75f9e7cd427","2025-09-16 05:20:58.152",7042,"STOLEN"
"6ebd8871-316d-4fc9-b0aa-0f7f42d5bcec","f676770a-dae8-4a20-babd-c75f9e7cd427","2025-09-16 06:10:16.251",7042,"STOLEN"
"22e6184b-2271-46cd-b9be-9e48825e9fa3","f676770a-dae8-4a20-babd-c75f9e7cd427","2025-09-16 07:14:27.575",7042,"STOLEN"
"d7718d29-e30c-4aa3-9841-65dc738f5c06","154e5978-8ec6-4f0d-99c3-4582997c91bb","2025-09-16 21:13:42.012",7045,"SUSPECT VEHICLE"
"6f4dc9f8-48b9-4e2e-b6f8-d82d217f71cd","5db0b69a-8401-464f-92fe-4364df6a2a82","2025-09-17 01:02:31.951",0,"welfare check"
"9de2ceb7-077e-4d17-ac4b-31159b6f64cb","5db0b69a-8401-464f-92fe-4364df6a2a82","2025-09-17 01:02:59.439",7047,"WELFARE CHECK"
"cfd0c51e-a960-4a3f-8d19-2cba132ec432","5db0b69a-8401-464f-92fe-4364df6a2a82","2025-09-17 02:04:06.262",7047,"WELFARE CHECK"
"af6f6a7a-0eec-4323-9cea-20b88b1e02d4","154e5978-8ec6-4f0d-99c3-4582997c91bb","2025-09-17 06:26:26.722",7047,"SUSPECT VEHICLE"
"01538b5d-4c04-48b7-84d6-195cf1d3ccf3","154e5978-8ec6-4f0d-99c3-4582997c91bb","2025-09-17 07:03:45.036",7047,"SUSPECT VEHICLE"
"362ac231-dc25-48a9-aa86-513bbeba5ce5","154e5978-8ec6-4f0d-99c3-4582997c91bb","2025-09-17 08:14:12.234",7047,"SUSPECT VEHICLE"
"f6ccc342-cc82-405b-8bea-0626ed66b366","154e5978-8ec6-4f0d-99c3-4582997c91bb","2025-09-17 10:36:40.512",7047,"SUSPECT VEHICLE"
"5b3c413b-d338-49ab-9629-2e88b97b1468","154e5978-8ec6-4f0d-99c3-4582997c91bb","2025-09-17 22:39:33.180",7006,"SUSPECT VEHICLE"
"b368c186-28b6-4a30-a145-b76b93faac2a","154e5978-8ec6-4f0d-99c3-4582997c91bb","2025-09-18 00:23:21.837",91617,"SUSPECT VEHICLE"
"ce2a3f99-2d21-455b-bf00-845cafd264cc","fb7d1ae3-db8c-4617-861d-2cf9a117f605","2025-09-18 00:30:32.243",7006,"Theft 1 lisp"
"f69d2878-2b2c-4efb-8111-cb6d5a4710c1","154e5978-8ec6-4f0d-99c3-4582997c91bb","2025-09-18 01:41:20.544",7006,"SUSPECT VEHICLE"
"09a17e70-bfb8-4d46-bf25-6286979e1c68","154e5978-8ec6-4f0d-99c3-4582997c91bb","2025-09-18 06:59:09.968",7006,"SUSPECT VEHICLE"
"f59bfa03-f271-4167-99c4-4f6f50855e9c","154e5978-8ec6-4f0d-99c3-4582997c91bb","2025-09-18 07:07:55.195",7006,"SUSPECT VEHICLE"
"0a1b2ce3-a51b-432e-bc6e-cd9b86192396","f676770a-dae8-4a20-babd-c75f9e7cd427","2025-09-18 07:09:31.203",7006,"elude"
"8cac9aa6-6a6f-4426-af71-44be86ef165b","f676770a-dae8-4a20-babd-c75f9e7cd427","2025-09-18 08:05:48.688",7006,"elude"
"c03fcbdd-5bf3-46d9-9621-bc7abf2b7ced","154e5978-8ec6-4f0d-99c3-4582997c91bb","2025-09-18 08:14:12.929",7006,"SUSPECT VEHICLE"
"45ed1a5e-0b09-41fd-afb4-bb6a2c2f0752","f676770a-dae8-4a20-babd-c75f9e7cd427","2025-09-18 09:29:18.260",7006,"elude"
"56832659-f9c7-4ee0-8f78-e0629d2b4902","154e5978-8ec6-4f0d-99c3-4582997c91bb","2025-09-18 10:16:36.124",91620,"SUSPECT VEHICLE"
"1e9dfce1-201b-44e6-9673-777c178c2a9d","f676770a-dae8-4a20-babd-c75f9e7cd427","2025-09-18 10:47:23.534",7006,"stolen"
"71d30475-d185-47db-b999-6a854649d6a1","f676770a-dae8-4a20-babd-c75f9e7cd427","2025-09-18 13:20:27.324",7005,"stolen"
"3cef2e6c-8db6-45c8-9e7a-3b62c168d04e","01b52c2e-4688-4795-99d0-73acf2527701","2025-09-18 14:25:38.408",7005,"uuv 239028"
"23d704ee-8935-44f6-91f8-bee968586a5b","fb7d1ae3-db8c-4617-861d-2cf9a117f605","2025-09-18 15:23:30.034",7005,"uuv"
"5e43efd4-7a1b-43d3-9fe7-008aa2de0094","cf20f9c8-a941-45d6-9b26-2e06938f66f6","2025-09-18 16:02:10.165",7004,"investigative"
"d39b6be3-6b82-4e9f-9dc7-7d26e537c843","0e8ecca7-b160-48c7-a4b5-40e903392e23","2025-09-18 16:05:10.853",7004,"felony dws"
"c25df3d9-c96a-4474-b8e0-b2aa8a5a300f","fb7d1ae3-db8c-4617-861d-2cf9a117f605","2025-09-18 16:14:39.974",7005,"theft 1"
"d4ee5a90-10b6-4dee-815b-2ceeca53b623","fb7d1ae3-db8c-4617-861d-2cf9a117f605","2025-09-18 17:24:34.419",7004,"theft 1"
"21019339-a22c-459e-8bb6-6a980dbacf49","fb7d1ae3-db8c-4617-861d-2cf9a117f605","2025-09-18 18:33:15.994",7002,"theft 1"
"dcc17db9-a4e4-47c3-9a2f-27cde7e457b9","0e8ecca7-b160-48c7-a4b5-40e903392e23","2025-09-18 18:54:58.280",7001,"ATL CHILD ABUSE"
"d7fdfce0-4af2-4323-8e59-dbdfafb23d0f","fb7d1ae3-db8c-4617-861d-2cf9a117f605","2025-09-18 19:26:30.484",7001,"theft 1"
"95f4c909-ebbf-4068-8df8-7d0f75031029","154e5978-8ec6-4f0d-99c3-4582997c91bb","2025-09-18 23:36:57.903",91808,"SUSPECT VEHICLE"
"710c803d-4787-4ea7-bbb9-64468eba8e05","154e5978-8ec6-4f0d-99c3-4582997c91bb","2025-09-19 00:00:54.557",7004,"SUSPECT VEHICLE"
"6c2e6377-bac9-418e-b868-691001ed00e5","154e5978-8ec6-4f0d-99c3-4582997c91bb","2025-09-19 04:12:15.364",7004,"SUSPECT VEHICLE"
"7c031ab6-2acc-4896-9186-9b201380d220","154e5978-8ec6-4f0d-99c3-4582997c91bb","2025-09-19 06:46:42.227",7004,"SUSPECT VEHICLE"
"ca53dbb6-18a3-49b9-8e55-807a3231ef6c","d659d111-5798-464a-b7e4-153f7897244f","2025-09-19 06:48:34.166",7004,"Theft"
"e8b07d67-bc9f-4fd3-9d85-a26b4a6b8ba6","d659d111-5798-464a-b7e4-153f7897244f","2025-09-19 07:00:06.388",7004,"Theft"
"3d73cb62-76ea-4591-b752-417342bb9d24","154e5978-8ec6-4f0d-99c3-4582997c91bb","2025-09-19 07:19:04.691",7004,"SUSPECT VEHICLE"
"d2aae2db-9486-4541-84d6-74f4e0e8bfea","fb7d1ae3-db8c-4617-861d-2cf9a117f605","2025-09-19 15:48:12.701",6978,"ort"
"be953215-3e4e-47df-a0db-e6bb50c19de6","cf20f9c8-a941-45d6-9b26-2e06938f66f6","2025-09-19 16:57:21.262",6983,"investigative"
"6a4018fa-e850-4782-b63e-b9583097ad85","fb7d1ae3-db8c-4617-861d-2cf9a117f605","2025-09-19 17:02:14.460",6983,"ort"
"64ab95af-2491-4b2f-bf10-1369b0c1db9b","fb7d1ae3-db8c-4617-861d-2cf9a117f605","2025-09-19 17:08:29.459",6983,"trsps"
"01f51168-23d4-4efa-bec4-e14c6982129f","cf20f9c8-a941-45d6-9b26-2e06938f66f6","2025-09-19 20:33:08.006",6985,"investigative"
"b3bee3fd-c341-4c2a-999b-c0d5ab5eaa3b","fb7d1ae3-db8c-4617-861d-2cf9a117f605","2025-09-19 21:07:48.154",6984,"uuv"
"86ee120e-076a-4b3b-bbf8-b2f152f5c402","154e5978-8ec6-4f0d-99c3-4582997c91bb","2025-09-19 21:32:15.455",6983,"SUSPECT VEHICLE"
"a4a91ba2-86a5-463a-87a5-959996edb7fd","fb7d1ae3-db8c-4617-861d-2cf9a117f605","2025-09-19 22:09:40.880",6979,"theft"
"4d789e69-2e13-41f1-9110-ea02835cb0d7","154e5978-8ec6-4f0d-99c3-4582997c91bb","2025-09-20 02:30:25.753",6977,"SUSPECT VEHICLE"
"dd6045d3-a153-4928-b7bc-b3e3e44c042b","154e5978-8ec6-4f0d-99c3-4582997c91bb","2025-09-20 06:58:50.080",6977,"SUSPECT VEHICLE"
"d975e4d9-7592-4ab8-a246-d4c1186247df","154e5978-8ec6-4f0d-99c3-4582997c91bb","2025-09-20 07:53:47.268",6977,"SUSPECT VEHICLE"
"3d4c0262-6984-4303-84ed-ed0eaf2b2fbe","154e5978-8ec6-4f0d-99c3-4582997c91bb","2025-09-20 08:03:18.477",6977,"SUSPECT VEHICLE"
"017e3011-5150-4f70-ba1b-4f8f9e90db75","154e5978-8ec6-4f0d-99c3-4582997c91bb","2025-09-20 09:09:06.261",6977,"SUSPECT VEHICLE"
"cbb8e08d-1aea-4d42-bd12-96289028ac58","154e5978-8ec6-4f0d-99c3-4582997c91bb","2025-09-20 11:29:42.447",6977,"SUSPECT VEHICLE"
"499b1b64-cff4-4304-bea3-eeb9e0c91a74","cf20f9c8-a941-45d6-9b26-2e06938f66f6","2025-09-20 18:35:11.497",6977,"duii"
"172a7164-7bc4-418e-b132-add6abaab3c8","cf20f9c8-a941-45d6-9b26-2e06938f66f6","2025-09-20 18:35:49.351",6977,"investigative"
"0b261c14-9aaa-49b4-ba14-bff58004bb74","fb7d1ae3-db8c-4617-861d-2cf9a117f605","2025-09-20 20:42:29.582",6977,"Uuv"
"af7d2c4c-24f1-4d1c-bdb1-21f750eb774c","cf20f9c8-a941-45d6-9b26-2e06938f66f6","2025-09-20 21:56:39.943",6977,"investigative"
"ae98473f-a518-4950-8f70-bc705d6bedbc","92811fe2-772c-485e-b009-c0349817e9e9","2025-09-21 18:58:21.084",6977,"theft"
"8de23b3f-a2cb-4932-9b9c-4a3890f30f88","2d4eebd6-c6c8-4d60-8a59-3a622105992c","2025-09-22 13:31:25.832",6978,"006MBD"
"604449e7-22ed-403c-ad95-a40082cbdc73","d6f7ed99-b681-4ed0-b468-5b0c109603c9","2025-09-22 13:31:30.048",6978,"25-242729"
"8936141b-ef4b-484a-be1c-6df0d75ab30e","fb7d1ae3-db8c-4617-861d-2cf9a117f605","2025-09-22 15:44:49.290",6980,"theft"
"44862ff0-ab8f-4f8e-8005-fe96c6bd1038","fb7d1ae3-db8c-4617-861d-2cf9a117f605","2025-09-22 16:09:57.358",6982,"theft"
"dd34e53b-bca6-4fd1-9bf6-a72ad9957a2f","fb7d1ae3-db8c-4617-861d-2cf9a117f605","2025-09-22 17:09:15.825",6986,"theft"
"0cc4f001-008f-41f6-aee3-61a0eee51fde","fb7d1ae3-db8c-4617-861d-2cf9a117f605","2025-09-22 17:32:34.599",6986,"fraud"
"3d9b6679-9bf3-470a-8a8c-a073b3afb446","65e0d73f-b28f-4340-9e12-36a28757d541","2025-09-22 18:06:43.877",6990,"theft"
"0d41705b-ee25-4440-ad4f-d1cf58c3e1a8","fb7d1ae3-db8c-4617-861d-2cf9a117f605","2025-09-22 18:12:04.153",6990,"uuv"
"fbc0b9f5-9edf-4131-a870-beaf5c4713bd","01b52c2e-4688-4795-99d0-73acf2527701","2025-09-22 19:15:54.244",4,"test"
"ade081af-35e0-439e-9b81-486013cec110","865aaa25-37fd-44f2-8f3d-19f07c199275","2025-09-22 19:16:31.686",6992,"test"
"2c62f5f6-45ed-4431-82a5-90ccb5d839b7","2d4eebd6-c6c8-4d60-8a59-3a622105992c","2025-09-22 20:18:00.380",6988,"354lct"
"4ade7c7e-7f00-4691-8a53-f051afae040d","2d4eebd6-c6c8-4d60-8a59-3a622105992c","2025-09-22 20:19:49.456",6988,"354LCT"
"b16c5a25-9ee3-42c2-a9ab-80d07f4cb7af","fb7d1ae3-db8c-4617-861d-2cf9a117f605","2025-09-22 21:29:18.378",8,"test"
"4c843e2f-a736-4d12-af28-cd2514bc6f18","390c34fc-169a-4122-b91c-e183fa1de770","2025-09-22 22:17:10.509",7000,"UUV"
"d6c949d5-fa08-4308-9413-e61ab7ce586c","fb7d1ae3-db8c-4617-861d-2cf9a117f605","2025-09-22 22:30:08.414",7000,"test"
"db1abe3e-7c11-4185-861e-1e41042b914c","fbfa025f-202c-4c60-ae95-9396fc290dd5","2025-09-22 22:38:16.117",7000,"Test new camera"
"df40fde6-4629-4d7c-818d-22cfa55c8c8c","fb7d1ae3-db8c-4617-861d-2cf9a117f605","2025-09-22 22:57:15.967",7000,"test new cam"
"76372c3f-62b8-45a7-85a8-2cb7b3f0df55","fb7d1ae3-db8c-4617-861d-2cf9a117f605","2025-09-22 23:00:32.301",10,"test new cams"
"7398e186-32e4-4687-81e0-6d9d8467c168","fbfa025f-202c-4c60-ae95-9396fc290dd5","2025-09-22 23:22:59.891",7000,"Test new camera"
"9aaabd61-72f6-4d02-ab73-9955fc125978","fb7d1ae3-db8c-4617-861d-2cf9a117f605","2025-09-23 03:05:56.713",7000,"Theft 1"
"2cbab73c-c2d0-495f-b67d-5b14fc30f26a","fb7d1ae3-db8c-4617-861d-2cf9a117f605","2025-09-23 04:06:48.477",7000,"Theft 1"
"65e47338-1f99-450f-b9be-59beff3a77dd","6d2d86c1-2a38-4fa2-ace4-f91f1c6b8b57","2025-09-23 08:52:51.309",10,"stolen"
"6819bd4e-ccbe-446c-9db6-a7dda87d734e","6d2d86c1-2a38-4fa2-ace4-f91f1c6b8b57","2025-09-23 09:23:55.091",7000,"stolen"
"62c9ecf0-b1fc-49f3-a0ff-49211be0af45","390c34fc-169a-4122-b91c-e183fa1de770","2025-09-23 14:43:49.404",10,"UUV"
"023d7377-9e6a-4eeb-98fd-f46d1346631b","390c34fc-169a-4122-b91c-e183fa1de770","2025-09-23 14:45:36.036",10,"uuv"
"4eb79a46-03ae-4a1e-8d24-78ab18bcb3ec","390c34fc-169a-4122-b91c-e183fa1de770","2025-09-23 15:08:08.146",7004,"UUV"
"b01647e1-4717-4afb-878b-a60752165ed3","fb7d1ae3-db8c-4617-861d-2cf9a117f605","2025-09-23 17:09:55.283",7003,"theft"
"bfba583d-ebed-4998-96d2-9137c99d81e4","fb7d1ae3-db8c-4617-861d-2cf9a117f605","2025-09-23 18:13:23.940",7007,"theft"
"e9741820-8472-4d46-88b3-91d03e9a4243","65e0d73f-b28f-4340-9e12-36a28757d541","2025-09-23 21:01:33.054",14,"theft"
"1a862484-8908-486a-b544-e852a09c9ae0","65e0d73f-b28f-4340-9e12-36a28757d541","2025-09-23 21:02:09.541",7013,"assault"
"df07c32b-67a2-4caf-80a4-43222fafd6ff","5db0b69a-8401-464f-92fe-4364df6a2a82","2025-09-24 04:47:59.001",7017,"ASLT"
"055487cd-0790-493a-aa8e-234d179fd85f","5db0b69a-8401-464f-92fe-4364df6a2a82","2025-09-24 04:48:52.298",7017,"TRAINING"
"ef9d1238-6c4d-45ad-ba2a-1c0f6ea674eb","5db0b69a-8401-464f-92fe-4364df6a2a82","2025-09-24 05:00:31.801",7017,"UUV"
"37446d72-749c-4e6b-915a-f48d397d32ef","fbfa025f-202c-4c60-ae95-9396fc290dd5","2025-09-24 15:32:50.310",7023,"atl vehicle murder suspect"
"f4397673-d32d-4ec4-bd9a-3a446040c6ad","5099fed4-b7f7-40de-b64e-73b9aa096b84","2025-09-24 15:43:34.447",7025,"warrant"
"083e60e1-b37d-4eae-adf1-3f8625f10271","154e5978-8ec6-4f0d-99c3-4582997c91bb","2025-09-24 17:40:57.220",7036,"SUSPECT VEHICLE"
"c7327f28-7e7c-48f4-9669-54a0cf636eca","fb7d1ae3-db8c-4617-861d-2cf9a117f605","2025-09-24 19:07:15.723",7043,"test new cam"
"4920ca22-cf14-4120-9e25-d6c9298ae1c1","154e5978-8ec6-4f0d-99c3-4582997c91bb","2025-09-24 22:36:55.512",7043,"SUSPECT VEHICLE"
"08696315-1c63-4c18-9f76-8ccae5803b9e","fbfa025f-202c-4c60-ae95-9396fc290dd5","2025-09-24 23:05:07.134",29,"atl vehicle murder suspect"
"f077de9f-a4ee-4906-9e4a-b55770203f5b","fbfa025f-202c-4c60-ae95-9396fc290dd5","2025-09-24 23:09:09.172",7046,"training"
"ef285670-8d14-46cf-8ab7-75d80568f256","154e5978-8ec6-4f0d-99c3-4582997c91bb","2025-09-24 23:28:15.685",7046,"suspect"
"4022785f-5d1f-4271-a5a0-c6ffe42e3f84","154e5978-8ec6-4f0d-99c3-4582997c91bb","2025-09-24 23:40:43.131",7046,"test"
"9cbaf75b-9258-47fc-8a38-3b713dfd4ede","5db0b69a-8401-464f-92fe-4364df6a2a82","2025-09-25 00:06:10.108",7048,"TRAINING"
"9cacabb6-8f88-49be-9844-6677802251d0","afc40c1e-180f-45f1-9033-ad9f7b06ef6c","2025-09-25 00:20:38.810",312,"theft 1"
"652576c3-9907-4896-9ddb-b78b943fbd12","5db0b69a-8401-464f-92fe-4364df6a2a82","2025-09-25 00:33:17.426",7048,"PURSUIT"
"bfd3cfb9-c662-4599-9035-73339b58154c","afc40c1e-180f-45f1-9033-ad9f7b06ef6c","2025-09-25 01:09:30.823",7048,"theft 1"
"6a4f0a67-c393-46e3-ba17-e7a034e66fec","154e5978-8ec6-4f0d-99c3-4582997c91bb","2025-09-25 03:51:51.885",7048,"SUSPECT VEHICLE"
"900b633e-2a02-4756-bfdb-f5ac7ba4b1e5","5db0b69a-8401-464f-92fe-4364df6a2a82","2025-09-25 04:46:02.334",7048,"SUICIDAL SUBJ"
"7263eba5-7c9f-4d56-995d-41712432de0c","154e5978-8ec6-4f0d-99c3-4582997c91bb","2025-09-25 07:07:13.011",7048,"SUSPECT VEHICLE"
"7a4ab9f2-244f-4369-878a-90ee63e40297","fb7d1ae3-db8c-4617-861d-2cf9a117f605","2025-09-25 20:39:30.304",42,"test"
"3c1e3cb5-0d1e-42ff-88f8-d6fd7590ee0f","fb7d1ae3-db8c-4617-861d-2cf9a117f605","2025-09-25 21:00:39.258",7019,"theft"
"08353a3e-8182-4041-ae89-6253d0101c0d","fb7d1ae3-db8c-4617-861d-2cf9a117f605","2025-09-25 21:26:44.030",42,"network test"
"f0835ed0-cd79-421c-ad66-dc951f1dc99b","fb7d1ae3-db8c-4617-861d-2cf9a117f605","2025-09-25 23:28:46.271",44,"network test"
"64b1d319-fe81-4959-a48e-87a5f648123d","154e5978-8ec6-4f0d-99c3-4582997c91bb","2025-09-26 00:07:15.126",7063,"SUSPECT VEHICLE"
"a0fc6ab4-fc95-4d00-8f1a-11920a219419","154e5978-8ec6-4f0d-99c3-4582997c91bb","2025-09-26 00:08:56.219",7063,"test"
"34a52e29-118c-458c-9e0f-d8fbba16e026","154e5978-8ec6-4f0d-99c3-4582997c91bb","2025-09-26 03:53:15.153",7065,"test"
"d17f41bd-4b91-4835-bd70-d7253b164961","162b0343-b201-4005-b31c-0555bcc14d1c","2025-09-26 04:27:22.302",92876,"STOLEN"
"1e5b286e-770e-4e5b-9e5c-9c092b5e8e3e","154e5978-8ec6-4f0d-99c3-4582997c91bb","2025-09-26 07:25:25.911",7065,"test"
"289bbe51-f2ee-4b74-b113-2265ba5bb990","f676770a-dae8-4a20-babd-c75f9e7cd427","2025-09-26 08:50:36.819",7065,"STOLEN"
"0ef929b6-679c-4cae-a9cd-546eadc0d5a8","162b0343-b201-4005-b31c-0555bcc14d1c","2025-09-26 09:21:05.558",92879,"ATL"
"b09ce88e-ee9c-4d1b-a2a9-c4af0842f3ea","f676770a-dae8-4a20-babd-c75f9e7cd427","2025-09-26 09:24:49.860",7065,"suspect"
"f0ea05ae-b1dd-47b1-859d-cccd25fe1535","154e5978-8ec6-4f0d-99c3-4582997c91bb","2025-09-26 09:26:12.606",7065,"test"
"d6dac0ca-20da-42a2-ad3a-511e783a3d52","154e5978-8ec6-4f0d-99c3-4582997c91bb","2025-09-26 10:59:58.230",7065,"test"
"fde0e8af-fcd7-482a-9fe2-8902ed82d6c0","cf20f9c8-a941-45d6-9b26-2e06938f66f6","2025-09-26 15:11:35.362",7067,"inevstigative"
"416d5043-084b-404e-aca8-e55ec5b1d9f0","fb7d1ae3-db8c-4617-861d-2cf9a117f605","2025-09-26 15:42:58.188",46,"network test"
"ccd14f0f-2438-4fd7-b819-833ea34e4273","fb7d1ae3-db8c-4617-861d-2cf9a117f605","2025-09-26 16:46:17.184",46,"network test"
"d2a9a6fc-28a2-4447-be38-b47939ebab60","cf20f9c8-a941-45d6-9b26-2e06938f66f6","2025-09-26 17:01:13.714",7067,"inevstigative"
"713b9065-f8cb-4b20-b564-f8a28a6c4e84","154e5978-8ec6-4f0d-99c3-4582997c91bb","2025-09-26 18:42:07.540",7070,"test"
"96d1d281-3f5f-4df0-ae77-004f381982dc","cf20f9c8-a941-45d6-9b26-2e06938f66f6","2025-09-26 18:53:17.653",7071,"inevstigative"
"ecf41821-a554-4ba6-a3ed-fea9a6f2982d","fb7d1ae3-db8c-4617-861d-2cf9a117f605","2025-09-26 22:51:44.953",7070,"uuv"
"e0c2df8a-077b-4b38-9330-e7f4bd5885d2","fb7d1ae3-db8c-4617-861d-2cf9a117f605","2025-09-26 23:00:57.795",7070,"uuv"
"0836243e-6d4d-4970-b44f-5be2516adf42","0e8ecca7-b160-48c7-a4b5-40e903392e23","2025-09-26 23:27:54.337",7070,"pc elude"
"1dc97bdc-378c-4e9a-81db-45074ced8234","154e5978-8ec6-4f0d-99c3-4582997c91bb","2025-09-26 23:41:23.670",7070,"test"
"2be77bed-416c-43bc-8f3e-c9e9b55446df","fb7d1ae3-db8c-4617-861d-2cf9a117f605","2025-09-27 00:15:56.925",6643,"Uuv"
"3c58d0c6-ecfe-4fb8-9fd8-c7578b940186","0e8ecca7-b160-48c7-a4b5-40e903392e23","2025-09-27 01:24:00.176",7070,"pc elude"
"82309829-6029-404a-91e1-277d74c6bd37","154e5978-8ec6-4f0d-99c3-4582997c91bb","2025-09-27 03:47:16.311",7070,"test"
"085cedd6-34dc-4613-84c9-efac8406548b","162b0343-b201-4005-b31c-0555bcc14d1c","2025-09-27 05:30:06.358",93054,"ATL"
"22093778-760a-4d61-a73d-9a50c56b3558","154e5978-8ec6-4f0d-99c3-4582997c91bb","2025-09-27 05:30:18.785",7070,"test"
"f37a3bdb-f09c-46ff-ad7e-b0585131422b","154e5978-8ec6-4f0d-99c3-4582997c91bb","2025-09-27 06:50:49.769",7070,"test"
"c5f48364-8e77-4635-9b07-7827f8ed3424","154e5978-8ec6-4f0d-99c3-4582997c91bb","2025-09-27 08:46:14.526",7070,"test"
"2b232abb-1510-4a21-a643-c9a4298aa1d0","5099fed4-b7f7-40de-b64e-73b9aa096b84","2025-09-27 20:03:36.521",7070,"theft suspect"
"ad4ad903-9650-4504-bd5b-595b71a95e68","9d79733b-3b43-49d3-968c-eaa94a92ae19","2025-09-27 21:37:12.881",46,"law enforce"
"cc0adbad-4022-44a3-a63e-4240434cd2b1","9d79733b-3b43-49d3-968c-eaa94a92ae19","2025-09-27 21:38:16.618",7070,"law enforcement"
"bbc9a48b-b69c-4cc5-9457-0515bbbec519","9d79733b-3b43-49d3-968c-eaa94a92ae19","2025-09-27 21:40:00.856",46,"theft s/ veh"
"a934f3cf-5c64-4ffa-afbf-b8ebbbe258d1","9d79733b-3b43-49d3-968c-eaa94a92ae19","2025-09-27 21:40:33.557",7070,"theft s/ vehicle"
"06700650-4908-4918-a1f5-2f93d017040a","154e5978-8ec6-4f0d-99c3-4582997c91bb","2025-09-27 23:53:36.329",7070,"test"
"f960c61d-89d9-4eab-bcc6-68aec958e3b5","fc8596ff-2949-4b4b-bb52-87aa9a1bd0e6","2025-09-28 01:07:17.527",46,"atldk"
"4ac533eb-b6d0-4018-873f-01582ff814c3","154e5978-8ec6-4f0d-99c3-4582997c91bb","2025-09-28 01:55:43.751",7070,"test"
"b546bfde-e081-446b-ab3a-02a77626c429","154e5978-8ec6-4f0d-99c3-4582997c91bb","2025-09-28 07:01:38.245",7070,"test"
"91679897-1e6f-4f73-8e3d-e04a2df68e37","f676770a-dae8-4a20-babd-c75f9e7cd427","2025-09-28 07:13:52.762",7070,"stolen"
"ce19414e-6531-4777-8e50-8e50c714c383","f676770a-dae8-4a20-babd-c75f9e7cd427","2025-09-28 07:49:51.364",7070,"suspect"
"2ab6d92f-e4e8-45c8-9525-50f53f9cee7d","154e5978-8ec6-4f0d-99c3-4582997c91bb","2025-09-28 11:19:49.947",7070,"test"
"7ee40579-2618-40b6-b479-804ca4846cb0","9d79733b-3b43-49d3-968c-eaa94a92ae19","2025-09-28 17:09:59.766",7070,"theft susp"
"db1bf2ac-d4d5-4cdb-b333-28d0d321e707","9d79733b-3b43-49d3-968c-eaa94a92ae19","2025-09-28 17:11:50.885",7070,"theft s/ vehicle"
"d88854d5-275e-4ff0-9ab9-5bc08115e100","cf20f9c8-a941-45d6-9b26-2e06938f66f6","2025-09-28 17:47:10.383",7070,"uuv"
"d180de9c-1d25-4e0e-a422-41f420813060","cf20f9c8-a941-45d6-9b26-2e06938f66f6","2025-09-28 20:37:26.007",7070,"uuv"
"4b21c2ff-b4be-4441-aabf-6be97b2d87f3","9d79733b-3b43-49d3-968c-eaa94a92ae19","2025-09-28 21:04:09.034",7070,"theft s/ vehicle"
"70ff39b6-c9de-458f-a370-3c6a19a04f6f","cf20f9c8-a941-45d6-9b26-2e06938f66f6","2025-09-28 21:18:10.860",7070,"uuv"
"166c62b2-2514-4976-9ecb-07f10bdb989a","cf20f9c8-a941-45d6-9b26-2e06938f66f6","2025-09-28 22:35:01.979",7070,"uuv"
"c8cd8cc8-6732-4dff-8508-948f77de275a","cf20f9c8-a941-45d6-9b26-2e06938f66f6","2025-09-29 15:08:38.672",7072,"uuv"
"65415a8d-e682-4d78-9749-41e028e637a5","cf20f9c8-a941-45d6-9b26-2e06938f66f6","2025-09-29 16:03:19.183",7060,"uuv"
"4aec13df-88c8-4b24-b9ea-20bf7e17d260","cf20f9c8-a941-45d6-9b26-2e06938f66f6","2025-09-29 18:18:21.983",7063,"missing person"
"004b7856-3644-4410-ace9-1f264a25e34b","65e0d73f-b28f-4340-9e12-36a28757d541","2025-09-29 19:55:13.585",7018,"theft"
"e5f03910-388a-4f57-bb74-ac54208fb62f","cf20f9c8-a941-45d6-9b26-2e06938f66f6","2025-09-29 22:35:31.044",7065,"UUV"
"d86f70de-6233-44b1-a84b-ad24ee04f742","5db0b69a-8401-464f-92fe-4364df6a2a82","2025-09-30 00:00:15.701",7065,"dv"
"dc833a8b-8ab1-4140-a524-9624c65ab4ac","5db0b69a-8401-464f-92fe-4364df6a2a82","2025-09-30 00:07:55.225",7065,"CHKWLF"
"7a5b7f7c-94ad-4704-ab22-87a5b2187dec","cf20f9c8-a941-45d6-9b26-2e06938f66f6","2025-09-30 00:08:49.806",7065,"dws felony"
"f94bafaf-0af1-4116-9f96-6d82ff006f80","afc40c1e-180f-45f1-9033-ad9f7b06ef6c","2025-09-30 00:15:53.557",7065,"atl"
"1f620e78-f39e-4e67-bed1-fb1c69224aa8","cf20f9c8-a941-45d6-9b26-2e06938f66f6","2025-09-30 01:18:35.464",7065,"child abuse"
"aa4dc0a8-7525-4557-a68a-97506fa50145","5db0b69a-8401-464f-92fe-4364df6a2a82","2025-09-30 04:03:52.185",7065,"UUV"
"54258eae-8c5d-420d-8b69-ae0dd47bac0a","65e0d73f-b28f-4340-9e12-36a28757d541","2025-09-30 21:40:09.209",46,"theft"
"cbedf262-a788-4efd-b393-d043acb6c334","f676770a-dae8-4a20-babd-c75f9e7cd427","2025-10-01 02:20:25.865",7053,"STOLEN"
"576e3aa8-b936-4c9c-addb-b5af66abac22","f676770a-dae8-4a20-babd-c75f9e7cd427","2025-10-01 07:27:59.634",7053,"STOLEN"
"3acf696c-a581-4008-a80d-66a12206bb78","f676770a-dae8-4a20-babd-c75f9e7cd427","2025-10-01 10:34:04.555",7053,"reckless driver"
"896a4e15-0f83-4f2b-8f3e-9a6fec3e36af","f676770a-dae8-4a20-babd-c75f9e7cd427","2025-10-01 10:38:09.679",7053,"SUSPECT VEHICLE"
"ca76df7a-795c-441f-8980-14d6a7813e9c","fb7d1ae3-db8c-4617-861d-2cf9a117f605","2025-10-01 19:22:51.716",7051,"theft"
"67932dcf-ec8d-4739-afce-6f5e49ae63a3","65e0d73f-b28f-4340-9e12-36a28757d541","2025-10-01 23:41:08.193",46,"theft"
"772e2406-4c1b-4153-849f-68f95afe0ac6","f676770a-dae8-4a20-babd-c75f9e7cd427","2025-10-02 09:25:46.004",7053,"suspect"
"76ac7f66-23b2-4aad-aba1-6c81278615d2","f676770a-dae8-4a20-babd-c75f9e7cd427","2025-10-03 08:00:11.839",91569,"suspect"
"55f6e2de-7641-4691-abd9-49bda576fddc","fb7d1ae3-db8c-4617-861d-2cf9a117f605","2025-10-03 15:57:34.132",46,"site test"
"c5b66b77-7f99-4d59-934f-41300bf6d040","fb7d1ae3-db8c-4617-861d-2cf9a117f605","2025-10-03 16:00:31.247",1,"site test"
"92d4031e-b016-437e-a505-50545728f4e2","fb7d1ae3-db8c-4617-861d-2cf9a117f605","2025-10-03 18:32:53.996",6632,"uuv"
"7dfc6b6b-316a-48e9-957f-873259462e21","fb7d1ae3-db8c-4617-861d-2cf9a117f605","2025-10-04 00:21:34.898",7044,"theft"
"b15177bf-7d72-452c-83f9-bedbb0995136","f676770a-dae8-4a20-babd-c75f9e7cd427","2025-10-04 06:28:19.981",46,"SUICIDAL SUBJECT"
"2ff16b93-7148-428d-8514-bfc644fcdd9d","f676770a-dae8-4a20-babd-c75f9e7cd427","2025-10-04 06:29:41.853",46,"SUICIDALSUBJECT"
"fd125883-534e-4e6b-846f-e7173504c1cd","f676770a-dae8-4a20-babd-c75f9e7cd427","2025-10-04 06:30:31.174",46,"STOLEN"
"f9dd227d-5e7d-440e-a947-e1da4b2f72b3","5db0b69a-8401-464f-92fe-4364df6a2a82","2025-10-04 06:41:15.395",7044,"SUISUB"
"d58ea752-0bd9-41d9-a8d4-9816455e9e14","f676770a-dae8-4a20-babd-c75f9e7cd427","2025-10-04 09:33:21.956",91656,"suspect"
"61c1e225-012a-4fa1-a1bd-4ff0ccaeb999","cf20f9c8-a941-45d6-9b26-2e06938f66f6","2025-10-04 21:36:53.660",7044,"UUV"
"df6f9119-e2ea-4fe9-87bc-1b8f26f2db84","162b0343-b201-4005-b31c-0555bcc14d1c","2025-10-05 06:16:29.803",91682,"ATL"
"7898ed91-71bb-405f-a408-85941c8b00b4","fc8596ff-2949-4b4b-bb52-87aa9a1bd0e6","2025-10-05 22:58:45.744",7044,"stolen"
"6fdc2d6e-8765-4e36-9824-191cc00a747b","162b0343-b201-4005-b31c-0555bcc14d1c","2025-10-06 03:02:49.881",91685,"ATL"
"f4114983-f29a-44f9-b3f0-d5e194ccf0bc","cf20f9c8-a941-45d6-9b26-2e06938f66f6","2025-10-06 06:22:28.973",7044,"duii"
"5fd67a95-fe41-4ab1-be37-44cbca244f32","bffb65a5-a3ae-4766-b045-113f0eec4a50","2025-10-07 02:02:11.548",46,"Stolen Vehicles"
"0664cd36-26e8-4d18-81d2-de8e7a2802e9","bffb65a5-a3ae-4766-b045-113f0eec4a50","2025-10-07 02:03:06.651",46,"Stolen vehicles lane county"
"d74bac99-1e31-47c8-b847-8ab8ef600f4c","cf20f9c8-a941-45d6-9b26-2e06938f66f6","2025-10-07 17:09:45.429",7044,"dv"
"f1a12278-5945-45ab-bafd-9453a9dde603","fb7d1ae3-db8c-4617-861d-2cf9a117f605","2025-10-07 20:18:53.219",46,"site test"
"acf10407-8812-4209-8bc1-7644c28aa914","cf20f9c8-a941-45d6-9b26-2e06938f66f6","2025-10-07 21:50:46.848",7032,"duii"
"2eb556d7-588b-4201-9a7a-e9bd5c1aab6f","cf20f9c8-a941-45d6-9b26-2e06938f66f6","2025-10-07 22:02:45.943",7021,"duii"
"39019d06-b0b2-4bd6-bb7b-7227fd6794e0","0e8ecca7-b160-48c7-a4b5-40e903392e23","2025-10-07 22:13:34.439",46,"551qjz"
"96d82ef4-251b-4e06-8e67-97767f87e14e","0e8ecca7-b160-48c7-a4b5-40e903392e23","2025-10-07 22:13:56.949",7021,"FELONY DWS"
"15491da6-215c-4bce-a287-db244483e32b","fc8596ff-2949-4b4b-bb52-87aa9a1bd0e6","2025-10-08 02:04:39.405",46,"hitand run"
"69055ead-283e-459c-a541-e1be90709da3","fc8596ff-2949-4b4b-bb52-87aa9a1bd0e6","2025-10-08 02:04:49.587",46,"hit and run"
"07577606-6c1c-4456-afea-33f9caf2878f","162b0343-b201-4005-b31c-0555bcc14d1c","2025-10-08 05:06:09.183",92003,"atl"
"67354253-4017-48b3-a293-a56705400126","fb7d1ae3-db8c-4617-861d-2cf9a117f605","2025-10-08 17:19:15.296",7027,"theft"
"9bbd7040-3309-47a7-a1ee-3c4dc7d1e3df","fb7d1ae3-db8c-4617-861d-2cf9a117f605","2025-10-08 20:32:22.188",7028,"hit and run"
"594b044c-3396-4e74-9631-8e6f2d503561","fb7d1ae3-db8c-4617-861d-2cf9a117f605","2025-10-08 22:12:30.049",7030,"assault 4"
"c224f612-ba80-423b-8211-a402bb78767e","65e0d73f-b28f-4340-9e12-36a28757d541","2025-10-09 20:35:44.747",112,"theft"
"ce6b12ea-59d3-4d4c-aa58-2c59c6f86e49","fb7d1ae3-db8c-4617-861d-2cf9a117f605","2025-10-09 21:46:23.431",7036,"Uuw"
"d6e7e9a4-ae1a-4c22-9ccb-3f4299447408","2d4eebd6-c6c8-4d60-8a59-3a622105992c","2025-10-09 22:13:42.300",46,"Located Wanted Fugitive"
"58625775-1900-4a41-ad0d-8c2362cfbcc4","8eca698f-3008-4022-ae08-06999f3a349a","2025-10-10 18:42:03.493",6974,"Missing Person"
"bbc761e1-a020-4333-8651-9a2708aa3a84","8eca698f-3008-4022-ae08-06999f3a349a","2025-10-10 20:49:19.774",6974,"Theft"
"68cec7d1-8efa-438d-800d-84db08ac8e31","fb7d1ae3-db8c-4617-861d-2cf9a117f605","2025-10-10 21:38:20.541",6981,"missing person"
"4f22c005-f1a5-4db4-92f5-6c039bb0d2ff","8eca698f-3008-4022-ae08-06999f3a349a","2025-10-11 00:10:56.096",6981,"Missing Person"
"97d1f5e7-d92c-4b44-8d13-01e594d95917","5db0b69a-8401-464f-92fe-4364df6a2a82","2025-10-11 11:18:24.638",6981,"THEFT"
"e00afd8d-4bf3-4161-88ca-9e2fe309d57c","5db0b69a-8401-464f-92fe-4364df6a2a82","2025-10-11 13:20:06.288",6981,"THEFT"
"dc10af8c-53a3-45b1-bab8-fdc2e3ddada6","fb7d1ae3-db8c-4617-861d-2cf9a117f605","2025-10-13 12:57:36.249",6984,"uuw"
"853626d3-1884-4ef3-b96d-1ca623534d74","fb7d1ae3-db8c-4617-861d-2cf9a117f605","2025-10-13 13:10:13.903",158,"test"
"3f1b7fcb-0520-46fe-8a56-ecc5311d7550","65e0d73f-b28f-4340-9e12-36a28757d541","2025-10-13 16:57:24.426",6937,"theft"
"a12c1d80-5305-4b35-88a2-dc8f35ea1a0f","fb7d1ae3-db8c-4617-861d-2cf9a117f605","2025-10-13 17:39:03.138",6983,"uuw"
"8c5f9b3a-04e0-4820-930c-fdc54ff0203c","fb7d1ae3-db8c-4617-861d-2cf9a117f605","2025-10-13 18:19:30.701",6983,"uuw"
"4d2d5be9-35ff-4ef4-8592-3168a988658b","fb7d1ae3-db8c-4617-861d-2cf9a117f605","2025-10-13 19:10:02.722",6982,"uuw"
"c4f002ac-24b8-4692-82ef-f0a49e6322a0","fb7d1ae3-db8c-4617-861d-2cf9a117f605","2025-10-13 20:01:03.659",6982,"uuw"
"fc0c6c73-e4ae-4ec6-b0f2-05cfc75b94b6","fb7d1ae3-db8c-4617-861d-2cf9a117f605","2025-10-13 21:10:29.697",6982,"uuw"
"8d2caa8b-86d7-45f1-9e8d-69c5b17eb4ee","fb7d1ae3-db8c-4617-861d-2cf9a117f605","2025-10-13 22:02:53.039",6572,"Uuw"
"436c6198-74db-46e8-974d-6c8b05e65e02","8eca698f-3008-4022-ae08-06999f3a349a","2025-10-13 22:57:53.238",6982,"Missing Person"
"83f5769c-6032-450d-a582-4373a166ee25","fb7d1ae3-db8c-4617-861d-2cf9a117f605","2025-10-13 23:36:58.907",6572,"Uuw"
"bf40b9dc-80ab-4252-a75f-99f07c7f9061","0e8ecca7-b160-48c7-a4b5-40e903392e23","2025-10-14 01:39:11.195",6982,"hit and run vehicle"
"78cc5525-41cc-4a61-8c1d-5f0ef0b40b78","162b0343-b201-4005-b31c-0555bcc14d1c","2025-10-14 08:38:15.525",92976,"MISSING PERSON"
"918b1297-d274-42c6-8d14-50a00bbfb115","cf20f9c8-a941-45d6-9b26-2e06938f66f6","2025-10-14 18:41:08.339",46,"uuv"
"ec257ae4-e2b9-4f8c-811e-8e3206aecf24","cf20f9c8-a941-45d6-9b26-2e06938f66f6","2025-10-14 20:34:01.102",6981,"theft 1"
"dc4670ed-adfe-472b-9aff-1f7c68e1fb25","fbfa025f-202c-4c60-ae95-9396fc290dd5","2025-10-14 21:45:36.023",6981,"sex abuse suspect"
"1c9c2c70-a188-433c-b170-b1ffe5c29b3b","fb7d1ae3-db8c-4617-861d-2cf9a117f605","2025-10-15 02:04:02.974",6969,"Test"
"f1acb6c6-941f-416e-b948-a43462650c50","cf20f9c8-a941-45d6-9b26-2e06938f66f6","2025-10-15 02:19:55.521",6969,"missing/endangered"
"66dab0db-f4df-4781-a8cb-ebb561ba2197","fb7d1ae3-db8c-4617-861d-2cf9a117f605","2025-10-15 17:26:02.642",6966,"theft"
"bddd7e4c-fb1c-4fcd-aad3-f18a899215fd","cf20f9c8-a941-45d6-9b26-2e06938f66f6","2025-10-15 22:21:40.926",6853,"menacing"
"eb704e71-46f8-449b-b4b7-3bffbd6d3463","fb7d1ae3-db8c-4617-861d-2cf9a117f605","2025-10-16 18:46:20.509",6857,"theft"
"25226683-163d-479b-9a53-3e0876055be4","ad0cce28-c2da-48f5-8a3d-0162e4753757","2025-10-16 21:14:44.017",94010,"UUW"
"1d710c40-302a-4206-9fc0-5fe616398890","fb7d1ae3-db8c-4617-861d-2cf9a117f605","2025-10-17 15:18:02.305",94066,"menacing"
"a7700b20-1e1e-4d8f-8727-3a30f3e55397","ad0cce28-c2da-48f5-8a3d-0162e4753757","2025-10-17 23:05:18.697",6866,"UUW"
"ba14a71f-b86a-4ce9-aaac-ac55172d470d","fb7d1ae3-db8c-4617-861d-2cf9a117f605","2025-10-17 23:37:29.541",94121,"Narcotics investigation"
"1b74da13-9ca5-4d27-8ab7-b28104cb41bd","162b0343-b201-4005-b31c-0555bcc14d1c","2025-10-19 02:20:19.286",6865,"ATL"
"5336c350-6ec9-47d3-8644-30a2a0ed1a3e","162b0343-b201-4005-b31c-0555bcc14d1c","2025-10-19 03:07:20.080",6865,"ATL"
"27aaaf79-7fa8-4e41-905d-b6ba93782c31","5db0b69a-8401-464f-92fe-4364df6a2a82","2025-10-19 06:04:01.943",46,"test"
"3c2f3db5-1dc2-42a2-b7b7-af24d5f3a8d8","fc8596ff-2949-4b4b-bb52-87aa9a1bd0e6","2025-10-21 04:47:42.601",6838,"uopd rape suspect"
"d6df6215-0c82-49b0-884b-f4ec41601af0","fb7d1ae3-db8c-4617-861d-2cf9a117f605","2025-10-21 17:37:17.887",94272,"menacing"
"3da273c5-968e-4c74-89ce-5c32051fc920","fb7d1ae3-db8c-4617-861d-2cf9a117f605","2025-10-22 15:39:31.145",94333,"Narcotics Investigation"
"69ec3428-c6b9-42d8-ae05-5f7ae42e008f","fb7d1ae3-db8c-4617-861d-2cf9a117f605","2025-10-23 16:49:12.253",95913,"Rape Inv"
"592904fd-400e-41f7-a94c-f953773ec090","fb7d1ae3-db8c-4617-861d-2cf9a117f605","2025-10-24 15:00:37.429",95319,"UUW"
"b4759d65-3071-4d90-9a3e-fb92acf98b26","2d4eebd6-c6c8-4d60-8a59-3a622105992c","2025-10-25 16:28:24.018",46,"Stolen Vehicle"